<?xml version="1.0"?>
<doc>
    <assembly>
        <name>smartSpriteFX.Common.UI</name>
    </assembly>
    <members>
        <member name="T:smartSuite.smartSpriteFX.Forms.Controls.DraftControl">
            <summary>
            Represents a board to work with draft to define pieces
            </summary>
        </member>
        <member name="F:smartSuite.smartSpriteFX.Forms.Controls.DraftControl._pieces">
            <summary>
            It´s the main collection of pieces
            </summary>
        </member>
        <member name="F:smartSuite.smartSpriteFX.Forms.Controls.DraftControl._pieceSet">
            <summary>
            Relates the owner hook control with a piece
            </summary>
        </member>
        <member name="F:smartSuite.smartSpriteFX.Forms.Controls.DraftControl._hookSet">
            <summary>
            It´s a collection of main (older) hooks.
            </summary>
        </member>
        <member name="F:smartSuite.smartSpriteFX.Forms.Controls.DraftControl._lastHook">
            <summary>
            Gets or sets the last hook added
            </summary>
        </member>
        <member name="F:smartSuite.smartSpriteFX.Forms.Controls.DraftControl._lastSettings">
            <summary>
            It is the last settings
            </summary>
        </member>
        <member name="P:smartSuite.smartSpriteFX.Forms.Controls.DraftControl.LastSettings">
            <summary>
            Gets or sets the last settings
            </summary>
        </member>
        <member name="P:smartSuite.smartSpriteFX.Forms.Controls.DraftControl.ProjectFullPath">
            <summary>
            Returns or sets the full path of the file used to save all the work
            </summary>
        </member>
        <member name="P:smartSuite.smartSpriteFX.Forms.Controls.DraftControl.Pieces">
            <summary>
            Gets the collecion of pieces
            </summary>
        </member>
        <member name="E:smartSuite.smartSpriteFX.Forms.Controls.DraftControl.PieceSetChanged">
            <summary>
            It happens when some piece it has created, modified or deleted
            </summary>
        </member>
        <member name="E:smartSuite.smartSpriteFX.Forms.Controls.DraftControl.GettingSettings">
            <summary>
            Occurs when the control needs to consults the choices of another control by the user
            </summary>
            <returns></returns>
        </member>
        <member name="M:smartSuite.smartSpriteFX.Forms.Controls.DraftControl.OnPieceSetChanged(smartSuite.smartSpriteFX.Pictures.Piece,smartSuite.smartSpriteFX.Forms.Controls.DraftControlState.ActionEnum)">
            <summary>
            Throws the respective event
            </summary>
            <param name="piece"></param>
            <param name="action"></param>
        </member>
        <member name="M:smartSuite.smartSpriteFX.Forms.Controls.DraftControl.OnGettingSettings">
            <summary>
            Gets the settings to draft control, specified for the parent controler
            </summary>
            <returns></returns>
        </member>
        <member name="M:smartSuite.smartSpriteFX.Forms.Controls.DraftControl.UpdateCursorStyle">
            <summary>
            Updates the cursor style
            </summary>
        </member>
        <member name="M:smartSuite.smartSpriteFX.Forms.Controls.DraftControl.BindEvents(smartSuite.smartSpriteFX.Forms.Controls.HookControl)">
            <summary>
            Binds all the events of a hook
            </summary>
            <param name="newHook"></param>
        </member>
        <member name="M:smartSuite.smartSpriteFX.Forms.Controls.DraftControl.NewHook_PositionChanged(System.Object,smartSuite.smartSpriteFX.Forms.Controls.HookState.HookEventArgs)">
            <summary>
            Occurs when hook has moved
            </summary>
            <param name="sender"></param>
            <param name="e"></param>
        </member>
        <member name="M:smartSuite.smartSpriteFX.Forms.Controls.DraftControl.NewHook_BeenSelected(System.Object,smartSuite.smartSpriteFX.Forms.Controls.HookState.HookEventArgs)">
            <summary>
            Occurs when hook as been selected
            </summary>
            <param name="sender"></param>
            <param name="e"></param>
        </member>
        <member name="M:smartSuite.smartSpriteFX.Forms.Controls.DraftControl.AddNewHook(System.Windows.Forms.MouseEventArgs)">
            <summary>
            Adds a new hook
            </summary>
            <param name="e"></param>
        </member>
        <member name="M:smartSuite.smartSpriteFX.Forms.Controls.DraftControl.LoadProject(System.String)">
            <summary>
            Loads the project file
            </summary>
            <param name="fileName"></param>
        </member>
        <member name="M:smartSuite.smartSpriteFX.Forms.Controls.DraftControl.SelectPiece(smartSuite.smartSpriteFX.Pictures.Piece)">
            <summary>
            Selects a piece
            </summary>
            <param name="piece"></param>
        </member>
        <member name="M:smartSuite.smartSpriteFX.Forms.Controls.DraftControl.LoadDraftPicture(System.String)">
            <summary>
            Loads the draft picture
            </summary>
            <param name="draftPicture"></param>
        </member>
        <member name="M:smartSuite.smartSpriteFX.Forms.Controls.DraftControl.GetHookControl(smartSuite.smartSpriteFX.Pictures.Piece)">
            <summary>
            Gets a hook control from a piece
            </summary>
            <param name="piece"></param>
            <returns></returns>
        </member>
        <member name="M:smartSuite.smartSpriteFX.Forms.Controls.DraftControl.SavePieces(System.String,System.Boolean)">
            <summary>
            Save pieces
            </summary>
            <param name="folderDestination"></param>
            <param name="inferTransparentBackground">It sets the generator to generate pieces with transparent background;</param>
        </member>
        <member name="M:smartSuite.smartSpriteFX.Forms.Controls.DraftControl.LoadPieces(smartSuite.smartSpriteFX.Pictures.PieceCollection)">
            <summary>
            Loads the piece collection
            </summary>
        </member>
        <member name="M:smartSuite.smartSpriteFX.Forms.Controls.DraftControl.RebuildHookSet(smartSuite.smartSpriteFX.Pictures.PieceCollection)">
            <summary>
            Rebuild the hookset, based on the pieces
            </summary>
            <param name="pieces"></param>
        </member>
        <member name="F:smartSuite.smartSpriteFX.Forms.Controls.DraftControl.components">
            <summary> 
            Required designer variable.
            </summary>
        </member>
        <member name="M:smartSuite.smartSpriteFX.Forms.Controls.DraftControl.Dispose(System.Boolean)">
            <summary> 
            Clean up any resources being used.
            </summary>
            <param name="disposing">true if managed resources should be disposed; otherwise, false.</param>
        </member>
        <member name="M:smartSuite.smartSpriteFX.Forms.Controls.DraftControl.InitializeComponent">
            <summary> 
            Required method for Designer support - do not modify 
            the contents of this method with the code editor.
            </summary>
        </member>
        <member name="T:smartSuite.smartSpriteFX.Forms.Controls.DraftControlState.ActionEnum">
            <summary>
            Relates a set of actions
            </summary>
        </member>
        <member name="T:smartSuite.smartSpriteFX.Forms.Controls.DraftControlState.PieceEventArgs">
            <summary>
            Represents a state of an event involving pieces
            </summary>
        </member>
        <member name="P:smartSuite.smartSpriteFX.Forms.Controls.DraftControlState.PieceEventArgs.Piece">
            <summary>
            The piece
            </summary>
        </member>
        <member name="P:smartSuite.smartSpriteFX.Forms.Controls.DraftControlState.PieceEventArgs.Action">
            <summary>
            What has happend to piece
            </summary>
        </member>
        <member name="M:smartSuite.smartSpriteFX.Forms.Controls.DraftControlState.PieceEventArgs.#ctor(smartSuite.smartSpriteFX.Pictures.Piece,smartSuite.smartSpriteFX.Forms.Controls.DraftControlState.ActionEnum)">
            <summary>
            Create an instance of the object
            </summary>
            <param name="piece"></param>
            <param name="action"></param>
        </member>
        <member name="F:smartSuite.smartSpriteFX.Forms.Controls.HookControl._point">
            <summary>
            It´s a respective point in the model
            </summary>
        </member>
        <member name="P:smartSuite.smartSpriteFX.Forms.Controls.HookControl.Point">
            <summary>
            It´s a respective point in the model
            </summary>
        </member>
        <member name="P:smartSuite.smartSpriteFX.Forms.Controls.HookControl.Selected">
            <summary>
            Gets or sets the current item as selected
            </summary>
        </member>
        <member name="P:smartSuite.smartSpriteFX.Forms.Controls.HookControl.Pair">
            <summary>
            Sets or gets the pair of huck
            </summary>
        </member>
        <member name="F:smartSuite.smartSpriteFX.Forms.Controls.HookControl._createdWhen">
            <summary>
            Gets the date when huck was created
            </summary>
        </member>
        <member name="P:smartSuite.smartSpriteFX.Forms.Controls.HookControl.LineHorizontal">
            <summary>
            It´s the tracked horizontal line by the huck
            </summary>
        </member>
        <member name="P:smartSuite.smartSpriteFX.Forms.Controls.HookControl.LineVertical">
            <summary>
            It´s the tracked vertical line by the huck
            </summary>
        </member>
        <member name="E:smartSuite.smartSpriteFX.Forms.Controls.HookControl.Deleting">
            <summary>
            Occurs before deleting
            </summary>
        </member>
        <member name="M:smartSuite.smartSpriteFX.Forms.Controls.HookControl.OnDeleting">
            <summary>
            Throws the respective event
            </summary>
        </member>
        <member name="E:smartSuite.smartSpriteFX.Forms.Controls.HookControl.BeenSelected">
            <summary>
            Occurs when the hook are selected
            </summary>
        </member>
        <member name="E:smartSuite.smartSpriteFX.Forms.Controls.HookControl.PositionChanged">
            <summary>
            Occurs when the hook has changed
            </summary>
        </member>
        <member name="M:smartSuite.smartSpriteFX.Forms.Controls.HookControl.OnBeenSelected">
            <summary>
            Throws the event
            </summary>
        </member>
        <member name="M:smartSuite.smartSpriteFX.Forms.Controls.HookControl.OnPositionChanged">
            <summary>
            Throws the event associated
            </summary>
        </member>
        <member name="M:smartSuite.smartSpriteFX.Forms.Controls.HookControl.CreateLines">
            <summary>
            Creates the lines between the pairs
            </summary>
        </member>
        <member name="M:smartSuite.smartSpriteFX.Forms.Controls.HookControl.ResizeLines(smartSuite.smartSpriteFX.Forms.Controls.HookControl,smartSuite.smartSpriteFX.Forms.Controls.HookControl)">
            <summary>
            Resizes the lines
            </summary>
        </member>
        <member name="M:smartSuite.smartSpriteFX.Forms.Controls.HookControl.GetOlderHuckFromPair">
            <summary>
            Gets the older huck from pair
            </summary>
        </member>
        <member name="M:smartSuite.smartSpriteFX.Forms.Controls.HookControl.GetNewerHuckFromPair">
            <summary>
            Gets the newer huck from pair
            </summary>
        </member>
        <member name="M:smartSuite.smartSpriteFX.Forms.Controls.HookControl.CreatePoint">
            <summary>
            Creates the point
            </summary>
        </member>
        <member name="M:smartSuite.smartSpriteFX.Forms.Controls.HookControl.RefreshLines">
            <summary>
            Refreshes lines
            </summary>
        </member>
        <member name="F:smartSuite.smartSpriteFX.Forms.Controls.HookControl.components">
            <summary> 
            Required designer variable.
            </summary>
        </member>
        <member name="M:smartSuite.smartSpriteFX.Forms.Controls.HookControl.Dispose(System.Boolean)">
            <summary> 
            Clean up any resources being used.
            </summary>
            <param name="disposing">true if managed resources should be disposed; otherwise, false.</param>
        </member>
        <member name="M:smartSuite.smartSpriteFX.Forms.Controls.HookControl.InitializeComponent">
            <summary> 
            Required method for Designer support - do not modify 
            the contents of this method with the code editor.
            </summary>
        </member>
        <member name="T:smartSuite.smartSpriteFX.Forms.Controls.HookState.HookEventArgs">
            <summary>
            Offers a state for events
            </summary>
        </member>
        <member name="P:smartSuite.smartSpriteFX.Forms.Controls.HookState.HookEventArgs.MainHook">
            <summary>
            Gets or sets the first created hook of a pair
            </summary>
        </member>
        <member name="T:smartSuite.smartSpriteFX.Forms.Controls.IDestroyable">
            <summary>
            Defines an item as a destroyable
            </summary>
        </member>
        <member name="M:smartSuite.smartSpriteFX.Forms.Controls.IDestroyable.DestroyYourSelf">
            <summary>
            Destroy the item
            </summary>
        </member>
        <member name="T:smartSuite.smartSpriteFX.Forms.Controls.IRemarkable">
            <summary>
            Defines a control which can be marked as bold
            </summary>
        </member>
        <member name="M:smartSuite.smartSpriteFX.Forms.Controls.IRemarkable.Mark(System.Boolean)">
            <summary>
            Marks the control
            </summary>
            <param name="bold"></param>
        </member>
        <member name="F:smartSuite.smartSpriteFX.Forms.Controls.LineControl._hookOwner">
            <summary>
            Gets or sets the hook owner
            </summary>
        </member>
        <member name="P:smartSuite.smartSpriteFX.Forms.Controls.LineControl.Style">
            <summary>
            Defines the style of linecontrol
            </summary>
        </member>
        <member name="M:smartSuite.smartSpriteFX.Forms.Controls.LineControl.Resize(smartSuite.smartSpriteFX.Forms.Controls.LineControlState.LineControlStyle,System.Single)">
            <summary>
            Resize the line
            </summary>
            <param name="style"></param>
            <param name="size"></param>
        </member>
        <member name="F:smartSuite.smartSpriteFX.Forms.Controls.LineControl.components">
            <summary> 
            Required designer variable.
            </summary>
        </member>
        <member name="M:smartSuite.smartSpriteFX.Forms.Controls.LineControl.Dispose(System.Boolean)">
            <summary> 
            Clean up any resources being used.
            </summary>
            <param name="disposing">true if managed resources should be disposed; otherwise, false.</param>
        </member>
        <member name="M:smartSuite.smartSpriteFX.Forms.Controls.LineControl.InitializeComponent">
            <summary> 
            Required method for Designer support - do not modify 
            the contents of this method with the code editor.
            </summary>
        </member>
        <member name="T:smartSuite.smartSpriteFX.Forms.Controls.LineControlState.LineControlStyle">
            <summary>
            Relates the line control styles
            </summary>
        </member>
        <member name="F:smartSuite.smartSpriteFX.Forms.Controls.NoneConfigurationPanel.NoneConfigurationPanelControl.components">
            <summary> 
            Required designer variable.
            </summary>
        </member>
        <member name="M:smartSuite.smartSpriteFX.Forms.Controls.NoneConfigurationPanel.NoneConfigurationPanelControl.Dispose(System.Boolean)">
            <summary> 
            Clean up any resources being used.
            </summary>
            <param name="disposing">true if managed resources should be disposed; otherwise, false.</param>
        </member>
        <member name="M:smartSuite.smartSpriteFX.Forms.Controls.NoneConfigurationPanel.NoneConfigurationPanelControl.InitializeComponent">
            <summary> 
            Required method for Designer support - do not modify 
            the contents of this method with the code editor.
            </summary>
        </member>
        <member name="T:smartSuite.smartSpriteFX.Forms.Controls.ToolboxState.DraftSettings">
            <summary>
            Sets how the draft must work
            </summary>
        </member>
        <member name="P:smartSuite.smartSpriteFX.Forms.Controls.ToolboxState.DraftSettings.HookOn">
            <summary>
            Specifies if hook is on to create new pieces
            </summary>
        </member>
        <member name="T:smartSuite.smartSpriteFX.Forms.Controls.TreeViewState.GroupTag">
            <summary>
            Represents a tag informing the goal of just group itens
            </summary>
        </member>
        <member name="P:smartSuite.smartSpriteFX.Forms.Controls.TreeViewState.GroupTag.PieceOwner">
            <summary>
            It´s the owner of the piece
            </summary>
        </member>
        <member name="T:smartSuite.smartSpriteFX.Common.UI.Properties.Resource">
            <summary>
              A strongly-typed resource class, for looking up localized strings, etc.
            </summary>
        </member>
        <member name="P:smartSuite.smartSpriteFX.Common.UI.Properties.Resource.ResourceManager">
            <summary>
              Returns the cached ResourceManager instance used by this class.
            </summary>
        </member>
        <member name="P:smartSuite.smartSpriteFX.Common.UI.Properties.Resource.Culture">
            <summary>
              Overrides the current thread's CurrentUICulture property for all
              resource lookups using this strongly typed resource class.
            </summary>
        </member>
        <member name="P:smartSuite.smartSpriteFX.Common.UI.Properties.Resource.Hook">
            <summary>
              Looks up a localized resource of type System.Drawing.Bitmap.
            </summary>
        </member>
    </members>
</doc>
