<?xml version="1.0"?>
<doc>
    <assembly>
        <name>smartSpriteFX.SpriteEffectModule</name>
    </assembly>
    <members>
        <member name="T:smartSuite.smartSpriteFX.SpriteEffectModule.Animations.AnimationComparer">
            <summary>
            It´s a comparison used to sort animation
            </summary>
        </member>
        <member name="T:smartSuite.smartSpriteFX.SpriteEffectModule.Effects.Filters.AlignToBottomFilter">
            <summary>
            Aligns the image to bottom
            </summary>
        </member>
        <member name="P:smartSuite.smartSpriteFX.SpriteEffectModule.Effects.Filters.AlignToBottomFilter.BottomMargin">
            <summary>
            Gets or sets the bottom margin
            </summary>
        </member>
        <member name="M:smartSuite.smartSpriteFX.SpriteEffectModule.Effects.Filters.AlignToBottomFilter.GetIdentification">
            <summary>
            Gets the identification
            </summary>
            <returns></returns>
        </member>
        <member name="T:smartSuite.smartSpriteFX.SpriteEffectModule.Effects.Filters.ICutFilter">
            <summary>
            Defines a filter that cut image
            </summary>
        </member>
        <member name="T:smartSuite.smartSpriteFX.SpriteEffectModule.Effects.Filters.InversionFilter">
            <summary>
            Represents a filter capable to invert the frame
            </summary>
        </member>
        <member name="F:smartSuite.smartSpriteFX.SpriteEffectModule.Effects.Filters.ReplaceColorFilter._colorEqualityComparer">
            <summary>
            It's a comparer used to compare colors
            </summary>
        </member>
        <member name="P:smartSuite.smartSpriteFX.SpriteEffectModule.Effects.Filters.ReplaceColorFilter.NewColor">
            <summary>
            It's the new color
            </summary>
        </member>
        <member name="P:smartSuite.smartSpriteFX.SpriteEffectModule.Effects.Filters.ReplaceColorFilter.FromColorList">
            <summary>
            It's a list of color to be replaced
            </summary>
        </member>
        <member name="P:smartSuite.smartSpriteFX.SpriteEffectModule.Effects.Filters.CropFilter.Reference">
            <summary>
            Gets the first point in the original frame used to start the crop point
            </summary>
        </member>
        <member name="T:smartSuite.smartSpriteFX.SpriteEffectModule.Effects.Filters.CutFilter">
            <summary>
            Represents a filter which is used to cut frames
            </summary>
        </member>
        <member name="F:smartSuite.smartSpriteFX.SpriteEffectModule.Effects.Filters.CutFilter._colorComparer">
            <summary>
            A comparer used to compare colors.
            </summary>
        </member>
        <member name="F:smartSuite.smartSpriteFX.SpriteEffectModule.Effects.Filters.CutFilter._pointA">
            <summary>
            It´s a point A
            </summary>
        </member>
        <member name="F:smartSuite.smartSpriteFX.SpriteEffectModule.Effects.Filters.CutFilter._pointB">
            <summary>
            It´s the point B
            </summary>
        </member>
        <member name="P:smartSuite.smartSpriteFX.SpriteEffectModule.Effects.Filters.CutFilter.PointA">
            <summary>
            Gets the top left most point
            </summary>
        </member>
        <member name="P:smartSuite.smartSpriteFX.SpriteEffectModule.Effects.Filters.CutFilter.PointB">
            <summary>
            Gets the lower right most point
            </summary>
        </member>
        <member name="M:smartSuite.smartSpriteFX.SpriteEffectModule.Effects.Filters.CutFilter.GetIdentification">
            <summary>
            Gets the identification
            </summary>
            <returns></returns>
        </member>
        <member name="M:smartSuite.smartSpriteFX.SpriteEffectModule.Effects.Filters.CutFilter.SetPoint(smartSuite.smartSpriteFX.Pictures.Point,smartSuite.smartSpriteFX.Pictures.Point)">
            <summary>
            Sets the points regardless of the state of filter
            </summary>
        </member>
        <member name="T:smartSuite.smartSpriteFX.SpriteEffectModule.Effects.Filters.IBottomMarginEffectFilter">
            <summary>
            Defines how filter which supports bottom margin definition should be
            </summary>
        </member>
        <member name="P:smartSuite.smartSpriteFX.SpriteEffectModule.Effects.Filters.IBottomMarginEffectFilter.BottomMargin">
            <summary>
            Gets or sets the bottom margin
            </summary>
        </member>
        <member name="T:smartSuite.smartSpriteFX.SpriteEffectModule.Effects.Filters.IOnlyBottomMarginEffectFilter">
            <summary>
            Represents a filter that relies on bottom margin only
            </summary>
        </member>
        <member name="T:smartSuite.smartSpriteFX.SpriteEffectModule.Effects.Filters.IMarginEnabledEffect">
            <summary>
            Defines how a margin-enabled margin should be
            </summary>
        </member>
        <member name="T:smartSuite.smartSpriteFX.SpriteEffectModule.Effects.Filters.MirrorFilter">
            <summary>
            Represents a filter capable to expand the frame, adding a mirror image from original
            </summary>
        </member>
        <member name="T:smartSuite.smartSpriteFX.SpriteEffectModule.Effects.Filters.PaintedByHandFilter">
            <summary>
            Represents a filter used to emulate painted by hand
            </summary>
        </member>
        <member name="P:smartSuite.smartSpriteFX.SpriteEffectModule.Effects.Filters.PaintedByHandFilter.Contrast">
            <summary>
            Gets or sets the contrast
            </summary>
        </member>
        <member name="M:smartSuite.smartSpriteFX.SpriteEffectModule.Effects.Filters.PaintedByHandFilter.GetIdentification">
            <summary>
            Gets the identification
            </summary>
            <returns></returns>
        </member>
        <member name="T:smartSuite.smartSpriteFX.SpriteEffectModule.Effects.Filters.PenTraceFilter">
            <summary>
            Represents a filter which keep just pen traces
            </summary>
        </member>
        <member name="F:smartSuite.smartSpriteFX.SpriteEffectModule.Effects.Filters.PenTraceFilter._newTraceColor">
            <summary>
            It's the new trace color
            </summary>
        </member>
        <member name="F:smartSuite.smartSpriteFX.SpriteEffectModule.Effects.Filters.PenTraceFilter._extraDarknessFactor">
            <summary>
            It's a factor that enfasizes the darkness of pen
            </summary>
        </member>
        <member name="F:smartSuite.smartSpriteFX.SpriteEffectModule.Effects.Filters.PenTraceFilter._penColorComparer">
            <summary>
            It's a comparer of color
            </summary>
        </member>
        <member name="P:smartSuite.smartSpriteFX.SpriteEffectModule.Effects.Filters.PenTraceFilter.NewTraceColor">
            <summary>
            It's the new trace color
            </summary>
        </member>
        <member name="P:smartSuite.smartSpriteFX.SpriteEffectModule.Effects.Filters.PenTraceFilter.ExtraDarknessFactor">
            <summary>
            It's a factor that enfasizes the darkness of pen
            </summary>
        </member>
        <member name="T:smartSuite.smartSpriteFX.SpriteEffectModule.Effects.Filters.IContrastOrientedObject">
            <summary>
            Defines an object oriented by contrast
            </summary>
        </member>
        <member name="P:smartSuite.smartSpriteFX.SpriteEffectModule.Effects.Filters.IContrastOrientedObject.Contrast">
            <summary>
            Gets or sets the contrast
            </summary>
        </member>
        <member name="T:smartSuite.smartSpriteFX.SpriteEffectModule.Effects.Filters.IScaleOrientedObject">
            <summary>
            Defines a filter that is based in scale terms.
            </summary>
        </member>
        <member name="P:smartSuite.smartSpriteFX.SpriteEffectModule.Effects.Filters.IScaleOrientedObject.Scale">
            <summary>
            Gets or sets the scale proportion
            </summary>
        </member>
        <member name="T:smartSuite.smartSpriteFX.SpriteEffectModule.Effects.Filters.MadeByHandFilter">
            <summary>
            Represents a filter used to emulate draw made by hand
            </summary>
        </member>
        <member name="P:smartSuite.smartSpriteFX.SpriteEffectModule.Effects.Filters.MadeByHandFilter.Contrast">
            <summary>
            Gets or sets the contrast
            </summary>
        </member>
        <member name="M:smartSuite.smartSpriteFX.SpriteEffectModule.Effects.Filters.MadeByHandFilter.GetIdentification">
            <summary>
            Gets the identification
            </summary>
            <returns></returns>
        </member>
        <member name="T:smartSuite.smartSpriteFX.SpriteEffectModule.Effects.Filters.ScaleFilter">
            <summary>
            Represents a filter capable to scale images
            </summary>
        </member>
        <member name="P:smartSuite.smartSpriteFX.SpriteEffectModule.Effects.Filters.ScaleFilter.Scale">
            <summary>
            Sets or gets the scale
            </summary>
        </member>
        <member name="M:smartSuite.smartSpriteFX.SpriteEffectModule.Effects.Filters.ScaleFilter.GetIdentification">
            <summary>
            Gets the identification
            </summary>
            <returns></returns>
        </member>
        <member name="T:smartSuite.smartSpriteFX.SpriteEffectModule.Effects.Filters.ShadowFilter">
            <summary>
            It´s a filter that draws a shadow uppon the image
            </summary>
        </member>
        <member name="F:smartSuite.smartSpriteFX.SpriteEffectModule.Effects.Filters.ShadowFilter._sunStrenght">
            <summary>
            It´s the strenght of sun
            </summary>
        </member>
        <member name="P:smartSuite.smartSpriteFX.SpriteEffectModule.Effects.Filters.ShadowFilter.SunStrenght">
            <summary>
            Sets or gets the sun strenght
            </summary>
        </member>
        <member name="M:smartSuite.smartSpriteFX.SpriteEffectModule.Effects.Filters.ShadowFilter.GetIdentification">
            <summary>
            Gets the identification
            </summary>
            <returns></returns>
        </member>
        <member name="F:smartSuite.smartSpriteFX.SpriteEffectModule.Effects.Filters.UI.ContrastConfigurationPanelControl._filterSettable">
            <summary>
            It´s the control oriented by contrast
            </summary>
        </member>
        <member name="M:smartSuite.smartSpriteFX.SpriteEffectModule.Effects.Filters.UI.ContrastConfigurationPanelControl.RefreshForm">
            <summary>
            Refreshs the form
            </summary>
        </member>
        <member name="F:smartSuite.smartSpriteFX.SpriteEffectModule.Effects.Filters.UI.ContrastConfigurationPanelControl.components">
            <summary> 
            Required designer variable.
            </summary>
        </member>
        <member name="M:smartSuite.smartSpriteFX.SpriteEffectModule.Effects.Filters.UI.ContrastConfigurationPanelControl.Dispose(System.Boolean)">
            <summary> 
            Clean up any resources being used.
            </summary>
            <param name="disposing">true if managed resources should be disposed; otherwise, false.</param>
        </member>
        <member name="M:smartSuite.smartSpriteFX.SpriteEffectModule.Effects.Filters.UI.ContrastConfigurationPanelControl.InitializeComponent">
            <summary> 
            Required method for Designer support - do not modify 
            the contents of this method with the code editor.
            </summary>
        </member>
        <member name="P:smartSuite.smartSpriteFX.SpriteEffectModule.Effects.Filters.UI.MarginPanelControl.LeftMargin">
            <summary>
            Gets or sets de respective margin
            </summary>
        </member>
        <member name="P:smartSuite.smartSpriteFX.SpriteEffectModule.Effects.Filters.UI.MarginPanelControl.RightMargin">
            <summary>
            Gets or sets de respective margin
            </summary>
        </member>
        <member name="P:smartSuite.smartSpriteFX.SpriteEffectModule.Effects.Filters.UI.MarginPanelControl.TopMargin">
            <summary>
            Gets or sets de respective margin
            </summary>
        </member>
        <member name="P:smartSuite.smartSpriteFX.SpriteEffectModule.Effects.Filters.UI.MarginPanelControl.BottomMargin">
            <summary>
            Gets or sets de respective margin
            </summary>
        </member>
        <member name="F:smartSuite.smartSpriteFX.SpriteEffectModule.Effects.Filters.UI.MarginPanelControl._mainHook">
            <summary>
            It's the main hook
            </summary>
        </member>
        <member name="F:smartSuite.smartSpriteFX.SpriteEffectModule.Effects.Filters.UI.MarginPanelControl._secondHook">
            <summary>
            It's the main hook
            </summary>
        </member>
        <member name="F:smartSuite.smartSpriteFX.SpriteEffectModule.Effects.Filters.UI.MarginPanelControl._marginEnabledEffect">
            <summary>
            It's the effect filter based on margin
            </summary>
        </member>
        <member name="M:smartSuite.smartSpriteFX.SpriteEffectModule.Effects.Filters.UI.MarginPanelControl.LoadHooks(smartSuite.smartSpriteFX.SpriteEffectModule.Effects.Filters.IMarginEnabledEffect)">
            <summary>
            Loads hooks
            </summary>
            <param name="marginEnabledEffect"></param>
        </member>
        <member name="M:smartSuite.smartSpriteFX.SpriteEffectModule.Effects.Filters.UI.MarginPanelControl.RefreshForm">
            <summary>
            Refreshes the form
            </summary>
        </member>
        <member name="F:smartSuite.smartSpriteFX.SpriteEffectModule.Effects.Filters.UI.MarginPanelControl.components">
            <summary> 
            Required designer variable.
            </summary>
        </member>
        <member name="M:smartSuite.smartSpriteFX.SpriteEffectModule.Effects.Filters.UI.MarginPanelControl.Dispose(System.Boolean)">
            <summary> 
            Clean up any resources being used.
            </summary>
            <param name="disposing">true if managed resources should be disposed; otherwise, false.</param>
        </member>
        <member name="M:smartSuite.smartSpriteFX.SpriteEffectModule.Effects.Filters.UI.MarginPanelControl.InitializeComponent">
            <summary> 
            Required method for Designer support - do not modify 
            the contents of this method with the code editor.
            </summary>
        </member>
        <member name="F:smartSuite.smartSpriteFX.SpriteEffectModule.Effects.Filters.UI.PenTraceConfigurationPanelControl._innerFilter">
            <summary>
            It's the pen trace
            </summary>
        </member>
        <member name="F:smartSuite.smartSpriteFX.SpriteEffectModule.Effects.Filters.UI.PenTraceConfigurationPanelControl.components">
            <summary> 
            Required designer variable.
            </summary>
        </member>
        <member name="M:smartSuite.smartSpriteFX.SpriteEffectModule.Effects.Filters.UI.PenTraceConfigurationPanelControl.Dispose(System.Boolean)">
            <summary> 
            Clean up any resources being used.
            </summary>
            <param name="disposing">true if managed resources should be disposed; otherwise, false.</param>
        </member>
        <member name="M:smartSuite.smartSpriteFX.SpriteEffectModule.Effects.Filters.UI.PenTraceConfigurationPanelControl.InitializeComponent">
            <summary> 
            Required method for Designer support - do not modify 
            the contents of this method with the code editor.
            </summary>
        </member>
        <member name="M:smartSuite.smartSpriteFX.SpriteEffectModule.Effects.Filters.UI.ReplaceColorsPanelControl.RefreshForm">
            <summary>
            Refreshes the form field
            </summary>
        </member>
        <member name="F:smartSuite.smartSpriteFX.SpriteEffectModule.Effects.Filters.UI.ReplaceColorsPanelControl.components">
            <summary> 
            Required designer variable.
            </summary>
        </member>
        <member name="M:smartSuite.smartSpriteFX.SpriteEffectModule.Effects.Filters.UI.ReplaceColorsPanelControl.Dispose(System.Boolean)">
            <summary> 
            Clean up any resources being used.
            </summary>
            <param name="disposing">true if managed resources should be disposed; otherwise, false.</param>
        </member>
        <member name="M:smartSuite.smartSpriteFX.SpriteEffectModule.Effects.Filters.UI.ReplaceColorsPanelControl.InitializeComponent">
            <summary> 
            Required method for Designer support - do not modify 
            the contents of this method with the code editor.
            </summary>
        </member>
        <member name="F:smartSuite.smartSpriteFX.SpriteEffectModule.Effects.Filters.UI.ScaleConfigurationPanelControl._filterSettable">
            <summary>
            It´s the filter which is been settled down
            </summary>
        </member>
        <member name="P:smartSuite.smartSpriteFX.SpriteEffectModule.Effects.Filters.UI.ScaleConfigurationPanelControl.MaxScaleAllowed">
            <summary>
            Gets or sets the maximum scale allowed
            </summary>
        </member>
        <member name="P:smartSuite.smartSpriteFX.SpriteEffectModule.Effects.Filters.UI.ScaleConfigurationPanelControl.MinScaleAllowed">
            <summary>
            Gets or sets the minimum scale allowed
            </summary>
        </member>
        <member name="M:smartSuite.smartSpriteFX.SpriteEffectModule.Effects.Filters.UI.ScaleConfigurationPanelControl.RefreshForm">
            <summary>
            Refreshs the form
            </summary>
        </member>
        <member name="M:smartSuite.smartSpriteFX.SpriteEffectModule.Effects.Filters.UI.ScaleConfigurationPanelControl.SetScaleControl">
            <summary>
            Sets the scale control
            </summary>
        </member>
        <member name="F:smartSuite.smartSpriteFX.SpriteEffectModule.Effects.Filters.UI.ScaleConfigurationPanelControl.components">
            <summary> 
            Variável de designer necessária.
            </summary>
        </member>
        <member name="M:smartSuite.smartSpriteFX.SpriteEffectModule.Effects.Filters.UI.ScaleConfigurationPanelControl.Dispose(System.Boolean)">
            <summary> 
            Limpar os recursos que estão sendo usados.
            </summary>
            <param name="disposing">true se for necessário descartar os recursos gerenciados; caso contrário, false.</param>
        </member>
        <member name="M:smartSuite.smartSpriteFX.SpriteEffectModule.Effects.Filters.UI.ScaleConfigurationPanelControl.InitializeComponent">
            <summary> 
            Método necessário para suporte ao Designer - não modifique 
            o conteúdo deste método com o editor de código.
            </summary>
        </member>
        <member name="F:smartSuite.smartSpriteFX.SpriteEffectModule.Effects.Filters.UI.ShadowConfigurationPanelControl._filterSettable">
            <summary>
            É o filtro da sombra
            </summary>
        </member>
        <member name="M:smartSuite.smartSpriteFX.SpriteEffectModule.Effects.Filters.UI.ShadowConfigurationPanelControl.RefreshForm">
            <summary>
            Refreshes the form field
            </summary>
        </member>
        <member name="F:smartSuite.smartSpriteFX.SpriteEffectModule.Effects.Filters.UI.ShadowConfigurationPanelControl.components">
            <summary> 
            Required designer variable.
            </summary>
        </member>
        <member name="M:smartSuite.smartSpriteFX.SpriteEffectModule.Effects.Filters.UI.ShadowConfigurationPanelControl.Dispose(System.Boolean)">
            <summary> 
            Clean up any resources being used.
            </summary>
            <param name="disposing">true if managed resources should be disposed; otherwise, false.</param>
        </member>
        <member name="M:smartSuite.smartSpriteFX.SpriteEffectModule.Effects.Filters.UI.ShadowConfigurationPanelControl.InitializeComponent">
            <summary> 
            Required method for Designer support - do not modify 
            the contents of this method with the code editor.
            </summary>
        </member>
        <member name="T:smartSuite.smartSpriteFX.SpriteEffectModule.Effects.Filters.UI.ColorListControl">
            <summary>
            Represents a control to add a list of a color
            </summary>
        </member>
        <member name="E:smartSuite.smartSpriteFX.SpriteEffectModule.Effects.Filters.UI.ColorListControl.ColorListChanged">
            <summary>
            Occurs when the list has changed
            </summary>
        </member>
        <member name="F:smartSuite.smartSpriteFX.SpriteEffectModule.Effects.Filters.UI.ColorListControl._colorSelectionControl">
            <summary>
            It´s a browser for selection
            </summary>
        </member>
        <member name="P:smartSuite.smartSpriteFX.SpriteEffectModule.Effects.Filters.UI.ColorListControl.ColorList">
            <summary>
            It´s a list of colors
            </summary>
        </member>
        <member name="P:smartSuite.smartSpriteFX.SpriteEffectModule.Effects.Filters.UI.ColorListControl.InDropperMode">
            <summary>
            Indicates if the color selection is in dropper mode
            </summary>
        </member>
        <member name="M:smartSuite.smartSpriteFX.SpriteEffectModule.Effects.Filters.UI.ColorListControl.OnColorListChanged">
            <summary>
            Throws the event
            </summary>
        </member>
        <member name="M:smartSuite.smartSpriteFX.SpriteEffectModule.Effects.Filters.UI.ColorListControl.CreateButtonColor(System.Drawing.Color)">
            <summary>
            Creates a button color
            </summary>
            <param name="color"></param>
            <returns></returns>
        </member>
        <member name="T:smartSuite.smartSpriteFX.SpriteEffectModule.Effects.Filters.UI.ColorListControl.ColorListChangeEventArgs">
            <summary>
            Represents arguments for ColorListChange events
            </summary>
        </member>
        <member name="P:smartSuite.smartSpriteFX.SpriteEffectModule.Effects.Filters.UI.ColorListControl.ColorListChangeEventArgs.CurrentColorList">
            <summary>
            It´s the current color list
            </summary>
        </member>
        <member name="M:smartSuite.smartSpriteFX.SpriteEffectModule.Effects.Filters.UI.ColorListControl.CancelDropper">
            <summary>
            Cancels dropper command
            </summary>
        </member>
        <member name="F:smartSuite.smartSpriteFX.SpriteEffectModule.Effects.Filters.UI.ColorListControl.components">
            <summary> 
            Required designer variable.
            </summary>
        </member>
        <member name="M:smartSuite.smartSpriteFX.SpriteEffectModule.Effects.Filters.UI.ColorListControl.Dispose(System.Boolean)">
            <summary> 
            Clean up any resources being used.
            </summary>
            <param name="disposing">true if managed resources should be disposed; otherwise, false.</param>
        </member>
        <member name="M:smartSuite.smartSpriteFX.SpriteEffectModule.Effects.Filters.UI.ColorListControl.InitializeComponent">
            <summary> 
            Required method for Designer support - do not modify 
            the contents of this method with the code editor.
            </summary>
        </member>
        <member name="T:smartSuite.smartSpriteFX.SpriteEffectModule.Effects.Filters.UI.ColorSelectionControl">
            <summary>
            Represents a control to offer color selection capabilities
            </summary>
        </member>
        <member name="F:smartSuite.smartSpriteFX.SpriteEffectModule.Effects.Filters.UI.ColorSelectionControl._lastColorSelection">
            <summary>
            It's the last control triggered
            </summary>
        </member>
        <member name="P:smartSuite.smartSpriteFX.SpriteEffectModule.Effects.Filters.UI.ColorSelectionControl.InDropperMode">
            <summary>
            Indicates if it in dropper mode
            </summary>
        </member>
        <member name="E:smartSuite.smartSpriteFX.SpriteEffectModule.Effects.Filters.UI.ColorSelectionControl.SelectedColorEvent">
            <summary>
            Occurs when the color is selected
            </summary>
        </member>
        <member name="F:smartSuite.smartSpriteFX.SpriteEffectModule.Effects.Filters.UI.ColorSelectionControl._selectedColor">
            <summary>
            It´s the selected color
            </summary>
        </member>
        <member name="P:smartSuite.smartSpriteFX.SpriteEffectModule.Effects.Filters.UI.ColorSelectionControl.SelectedColor">
            <summary>
            Gets or sets a color
            </summary>
        </member>
        <member name="T:smartSuite.smartSpriteFX.SpriteEffectModule.Effects.Filters.UI.ColorSelectionControl.SelectionColorEventArgs">
            <summary>
            It´s argument for selection color events
            </summary>
        </member>
        <member name="P:smartSuite.smartSpriteFX.SpriteEffectModule.Effects.Filters.UI.ColorSelectionControl.SelectionColorEventArgs.SelectedColor">
            <summary>
            It´s the selected color
            </summary>
        </member>
        <member name="M:smartSuite.smartSpriteFX.SpriteEffectModule.Effects.Filters.UI.ColorSelectionControl.CancelDropper">
            <summary>
            Cancels dropper operation
            </summary>
        </member>
        <member name="F:smartSuite.smartSpriteFX.SpriteEffectModule.Effects.Filters.UI.ColorSelectionControl.components">
            <summary> 
            Required designer variable.
            </summary>
        </member>
        <member name="M:smartSuite.smartSpriteFX.SpriteEffectModule.Effects.Filters.UI.ColorSelectionControl.Dispose(System.Boolean)">
            <summary> 
            Clean up any resources being used.
            </summary>
            <param name="disposing">true if managed resources should be disposed; otherwise, false.</param>
        </member>
        <member name="M:smartSuite.smartSpriteFX.SpriteEffectModule.Effects.Filters.UI.ColorSelectionControl.InitializeComponent">
            <summary> 
            Required method for Designer support - do not modify 
            the contents of this method with the code editor.
            </summary>
        </member>
        <member name="F:smartSuite.smartSpriteFX.SpriteEffectModule.Effects.Filters.UI.CutConfigurationPanelControl._filterSettable">
            <summary>
            It´s the filter controlled by this control
            </summary>
        </member>
        <member name="F:smartSuite.smartSpriteFX.SpriteEffectModule.Effects.Filters.UI.CutConfigurationPanelControl._hookControlA">
            <summary>
            It´s the hook A
            </summary>
        </member>
        <member name="F:smartSuite.smartSpriteFX.SpriteEffectModule.Effects.Filters.UI.CutConfigurationPanelControl._hookControlB">
            <summary>
            It´s the hook B
            </summary>
        </member>
        <member name="M:smartSuite.smartSpriteFX.SpriteEffectModule.Effects.Filters.UI.CutConfigurationPanelControl.RefreshBoard">
            <summary>
            Refreshes the board
            </summary>
        </member>
        <member name="M:smartSuite.smartSpriteFX.SpriteEffectModule.Effects.Filters.UI.CutConfigurationPanelControl.UpdateTextNumber">
            <summary>
            Updates text numbers
            </summary>
        </member>
        <member name="M:smartSuite.smartSpriteFX.SpriteEffectModule.Effects.Filters.UI.CutConfigurationPanelControl.JustNumberEvent(System.Object,System.Windows.Forms.KeyPressEventArgs)">
            <summary>
            Allows just number to be entered
            </summary>
            <param name="sender"></param>
            <param name="e"></param>
        </member>
        <member name="F:smartSuite.smartSpriteFX.SpriteEffectModule.Effects.Filters.UI.CutConfigurationPanelControl.components">
            <summary> 
            Required designer variable.
            </summary>
        </member>
        <member name="M:smartSuite.smartSpriteFX.SpriteEffectModule.Effects.Filters.UI.CutConfigurationPanelControl.Dispose(System.Boolean)">
            <summary> 
            Clean up any resources being used.
            </summary>
            <param name="disposing">true if managed resources should be disposed; otherwise, false.</param>
        </member>
        <member name="M:smartSuite.smartSpriteFX.SpriteEffectModule.Effects.Filters.UI.CutConfigurationPanelControl.InitializeComponent">
            <summary> 
            Required method for Designer support - do not modify 
            the contents of this method with the code editor.
            </summary>
        </member>
        <member name="T:smartSuite.smartSpriteFX.SpriteEffectModule.Effects.Filters.UI.MessageBoxUtil">
            <summary>
            Offers ways to use pattern message boxes.
            </summary>
        </member>
        <member name="M:smartSuite.smartSpriteFX.SpriteEffectModule.Effects.Filters.UI.MessageBoxUtil.Show(System.String,System.Windows.Forms.MessageBoxButtons)">
            <summary>
            Shows a message box
            </summary>
        </member>
        <member name="M:smartSuite.smartSpriteFX.SpriteEffectModule.Effects.Filters.UI.MessageBoxUtil.Show(System.Exception)">
            <summary>
            Shows a message box
            </summary>
        </member>
        <member name="M:smartSuite.smartSpriteFX.SpriteEffectModule.Effects.Filters.UI.MessageBoxUtil.Show(System.String,System.Exception)">
            <summary>
            Shows a message box
            </summary>
        </member>
        <member name="M:smartSuite.smartSpriteFX.SpriteEffectModule.Effects.Filters.UI.MessageBoxUtil.Show(System.String,System.String,System.Windows.Forms.MessageBoxButtons)">
            <summary>
            Shows a message box
            </summary>
        </member>
        <member name="M:smartSuite.smartSpriteFX.SpriteEffectModule.Effects.Filters.UI.MessageBoxUtil.Show(System.String,System.String,System.Windows.Forms.MessageBoxButtons,System.Windows.Forms.MessageBoxIcon)">
            <summary>
            Shows a message box
            </summary>
        </member>
        <member name="M:smartSuite.smartSpriteFX.SpriteEffectModule.Effects.Filters.UI.MessageBoxUtil.Show(System.String,System.Windows.Forms.MessageBoxIcon)">
            <summary>
            Shows a message box
            </summary>
        </member>
        <member name="M:smartSuite.smartSpriteFX.SpriteEffectModule.Effects.Filters.UI.MessageBoxUtil.GetApplicationName">
            <summary>
            Gets the application name to show
            </summary>
            <returns></returns>
        </member>
        <member name="F:smartSuite.smartSpriteFX.SpriteEffectModule.Effects.Filters.UI.BorderFilterConfigurationPanelControl._filterSettable">
            <summary>
            It´s the filter controlled by this control
            </summary>
        </member>
        <member name="F:smartSuite.smartSpriteFX.SpriteEffectModule.Effects.Filters.UI.BorderFilterConfigurationPanelControl._colorSelectionControl">
            <summary>
            It´s a control to select colors.
            </summary>
        </member>
        <member name="M:smartSuite.smartSpriteFX.SpriteEffectModule.Effects.Filters.UI.BorderFilterConfigurationPanelControl.RefreshForm">
            <summary>
            Refreshs the form
            </summary>
        </member>
        <member name="F:smartSuite.smartSpriteFX.SpriteEffectModule.Effects.Filters.UI.BorderFilterConfigurationPanelControl.components">
            <summary> 
            Required designer variable.
            </summary>
        </member>
        <member name="M:smartSuite.smartSpriteFX.SpriteEffectModule.Effects.Filters.UI.BorderFilterConfigurationPanelControl.Dispose(System.Boolean)">
            <summary> 
            Clean up any resources being used.
            </summary>
            <param name="disposing">true if managed resources should be disposed; otherwise, false.</param>
        </member>
        <member name="M:smartSuite.smartSpriteFX.SpriteEffectModule.Effects.Filters.UI.BorderFilterConfigurationPanelControl.InitializeComponent">
            <summary> 
            Required method for Designer support - do not modify 
            the contents of this method with the code editor.
            </summary>
        </member>
        <member name="F:smartSuite.smartSpriteFX.SpriteEffectModule.Effects.Filters.UI.NoneConfigurationPanelControl.components">
            <summary> 
            Required designer variable.
            </summary>
        </member>
        <member name="M:smartSuite.smartSpriteFX.SpriteEffectModule.Effects.Filters.UI.NoneConfigurationPanelControl.Dispose(System.Boolean)">
            <summary> 
            Clean up any resources being used.
            </summary>
            <param name="disposing">true if managed resources should be disposed; otherwise, false.</param>
        </member>
        <member name="M:smartSuite.smartSpriteFX.SpriteEffectModule.Effects.Filters.UI.NoneConfigurationPanelControl.InitializeComponent">
            <summary> 
            Required method for Designer support - do not modify 
            the contents of this method with the code editor.
            </summary>
        </member>
        <member name="F:smartSuite.smartSpriteFX.SpriteEffectModule.Effects.Filters.UI.ResolutionConfigurationPanelControl._filterSettable">
            <summary>
            It´s the filter controlled by this control
            </summary>
        </member>
        <member name="F:smartSuite.smartSpriteFX.SpriteEffectModule.Effects.Filters.UI.ResolutionConfigurationPanelControl._avoidColorListControl">
            <summary>
            It´s a list for selection of avoid colors
            </summary>
        </member>
        <member name="M:smartSuite.smartSpriteFX.SpriteEffectModule.Effects.Filters.UI.ResolutionConfigurationPanelControl._avoidColorListControl_ColorListChanged(System.Object,smartSuite.smartSpriteFX.SpriteEffectModule.Effects.Filters.UI.ColorListControl.ColorListChangeEventArgs)">
            <summary>
            Occurs then avoided color list has changed
            </summary>
            <param name="sender"></param>
            <param name="e"></param>
        </member>
        <member name="M:smartSuite.smartSpriteFX.SpriteEffectModule.Effects.Filters.UI.ResolutionConfigurationPanelControl.RefreshForm">
            <summary>
            Refreshs the form
            </summary>
        </member>
        <member name="M:smartSuite.smartSpriteFX.SpriteEffectModule.Effects.Filters.UI.ResolutionConfigurationPanelControl.JustNumberEvent(System.Object,System.Windows.Forms.KeyPressEventArgs)">
            <summary>
            Allows just number to be entered
            </summary>
            <param name="sender"></param>
            <param name="e"></param>
        </member>
        <member name="F:smartSuite.smartSpriteFX.SpriteEffectModule.Effects.Filters.UI.ResolutionConfigurationPanelControl.components">
            <summary> 
            Required designer variable.
            </summary>
        </member>
        <member name="M:smartSuite.smartSpriteFX.SpriteEffectModule.Effects.Filters.UI.ResolutionConfigurationPanelControl.Dispose(System.Boolean)">
            <summary> 
            Clean up any resources being used.
            </summary>
            <param name="disposing">true if managed resources should be disposed; otherwise, false.</param>
        </member>
        <member name="M:smartSuite.smartSpriteFX.SpriteEffectModule.Effects.Filters.UI.ResolutionConfigurationPanelControl.InitializeComponent">
            <summary> 
            Required method for Designer support - do not modify 
            the contents of this method with the code editor.
            </summary>
        </member>
        <member name="T:smartSuite.smartSpriteFX.SpriteEffectModule.Effects.Filters.WireFilter">
            <summary>
            Represents a filter used to make images seems like made by wires, like Tron movie
            </summary>
        </member>
        <member name="F:smartSuite.smartSpriteFX.SpriteEffectModule.Effects.Filters.WireFilter._colorBuffer">
            <summary>
            It´s the color buffer used to simply the colors
            </summary>
        </member>
        <member name="F:smartSuite.smartSpriteFX.SpriteEffectModule.Effects.Filters.WireFilter._colorComparer">
            <summary>
            A comparer used to compare colors.
            </summary>
        </member>
        <member name="M:smartSuite.smartSpriteFX.SpriteEffectModule.Effects.Filters.WireFilter.GetIdentification">
            <summary>
            Gets the identification
            </summary>
            <returns></returns>
        </member>
        <member name="T:smartSuite.smartSpriteFX.SpriteEffectModule.Effects.Filters.BorderFilter">
            <summary>
            It´s a filter that emphasizes the border of picture
            </summary>
        </member>
        <member name="F:smartSuite.smartSpriteFX.SpriteEffectModule.Effects.Filters.BorderFilter._traceBorderWidth">
            <summary>
            It´s the width of border.
            </summary>
        </member>
        <member name="F:smartSuite.smartSpriteFX.SpriteEffectModule.Effects.Filters.BorderFilter._borderColor">
            <summary>
            It´s the borderColor
            </summary>
        </member>
        <member name="P:smartSuite.smartSpriteFX.SpriteEffectModule.Effects.Filters.BorderFilter.TraceBorderWidth">
            <summary>
            Gets or sets the weight of trace
            </summary>
        </member>
        <member name="P:smartSuite.smartSpriteFX.SpriteEffectModule.Effects.Filters.BorderFilter.BorderColor">
            <summary>
            Gets or sets the color of trace
            </summary>
        </member>
        <member name="M:smartSuite.smartSpriteFX.SpriteEffectModule.Effects.Filters.BorderFilter.GetIdentification">
            <summary>
            Gets the identification
            </summary>
            <returns></returns>
        </member>
        <member name="M:smartSuite.smartSpriteFX.SpriteEffectModule.Effects.Filters.BorderFilter.ApplyFilter(smartSuite.smartSpriteFX.Pictures.Picture,System.Int32)">
            <summary>
            Applies the filter
            </summary>
            <param name="frame"></param>
            <param name="index"></param>
            <returns></returns>
        </member>
        <member name="M:smartSuite.smartSpriteFX.SpriteEffectModule.Effects.Filters.BorderFilter.MakeTraceBorder(smartSuite.smartSpriteFX.Pictures.Point)">
            <summary>
            Gets a list of point corresponding to a large trace
            </summary>
            <returns></returns>
        </member>
        <member name="T:smartSuite.smartSpriteFX.SpriteEffectModule.Effects.Filters.IResolutionFilterSetter">
            <summary>
            Defines a filter specified to handle resolution
            </summary>
        </member>
        <member name="P:smartSuite.smartSpriteFX.SpriteEffectModule.Effects.Filters.IResolutionFilterSetter.ColorBufferAmount">
            <summary>
            Gets or gets the amount of color in new resolution
            </summary>
        </member>
        <member name="P:smartSuite.smartSpriteFX.SpriteEffectModule.Effects.Filters.IResolutionFilterSetter.DestinationScreenWidth">
            <summary>
            Gets or gets the screen width in new resolution
            </summary>
        </member>
        <member name="P:smartSuite.smartSpriteFX.SpriteEffectModule.Effects.Filters.IResolutionFilterSetter.DestinationScreenHeight">
            <summary>
            Gets or gets the screen height in new resolution
            </summary>
        </member>
        <member name="P:smartSuite.smartSpriteFX.SpriteEffectModule.Effects.Filters.IResolutionFilterSetter.Contrast">
            <summary>
            Gets or gets the contrast of colors
            </summary>
        </member>
        <member name="P:smartSuite.smartSpriteFX.SpriteEffectModule.Effects.Filters.IResolutionFilterSetter.TotalScreenWidth">
            <summary>
            Gets or gets the total of width of screen
            </summary>
        </member>
        <member name="P:smartSuite.smartSpriteFX.SpriteEffectModule.Effects.Filters.IResolutionFilterSetter.TotalScreenHeight">
            <summary>
            Gets or gets the total of height of screen
            </summary>
        </member>
        <member name="P:smartSuite.smartSpriteFX.SpriteEffectModule.Effects.Filters.IResolutionFilterSetter.AvoidColorList">
            <summary>
            Gets or sets a list of color to avoid
            </summary>
        </member>
        <member name="T:smartSuite.smartSpriteFX.SpriteEffectModule.Effects.Infra.UI.Configuratons.GenericConfigurationPanel">
            <summary>
            Offers an default configuration Panel with no implementation remarkable
            </summary>
        </member>
        <member name="F:smartSuite.smartSpriteFX.SpriteEffectModule.Effects.Infra.UI.Configuratons.GenericConfigurationPanel._userControl">
            <summary>
            It´s the panel
            </summary>
        </member>
        <member name="T:smartSuite.smartSpriteFX.SpriteEffectModule.Effects.Tools.ColorUtil">
            <summary>
            Offers utilities for color operations
            </summary>
        </member>
        <member name="M:smartSuite.smartSpriteFX.SpriteEffectModule.Effects.Tools.ColorUtil.Invert(System.Drawing.Color)">
            <summary>
            Inverts the color
            </summary>
            <param name="color"></param>
            <returns></returns>
        </member>
        <member name="T:smartSuite.smartSpriteFX.SpriteEffectModule.Infra.UI.IApplyFilterCallback">
            <summary>
            Defines how a callback which handle the progress of an operation must be.
            </summary>
        </member>
        <member name="M:smartSuite.smartSpriteFX.SpriteEffectModule.Infra.UI.IApplyFilterCallback.UpdateProgress(System.Single,System.Boolean)">
            <summary>
            Updates the progress and returns a boolean indicating cancelation
            </summary>
        </member>
        <member name="M:smartSuite.smartSpriteFX.SpriteEffectModule.Infra.UI.IApplyFilterCallback.ShowUpdateProgress">
            <summary>
            Allows shows up the update progress window
            </summary>
        </member>
        <member name="M:smartSuite.smartSpriteFX.SpriteEffectModule.Infra.UI.IApplyFilterCallback.ApplyFilter">
            <summary>
            Applies the filters, considering the UI infrastructure
            </summary>
        </member>
        <member name="M:smartSuite.smartSpriteFX.SpriteEffectModule.Infra.UI.IApplyFilterCallback.ApplyFilter(smartSuite.smartSpriteFX.Pictures.Picture)">
            <summary>
            Applies the filters on the specified frame, considering the UI infrastructure
            </summary>
        </member>
        <member name="M:smartSuite.smartSpriteFX.SpriteEffectModule.Infra.UI.IApplyFilterCallback.ApplyFilter(System.Collections.Generic.List{smartSuite.smartSpriteFX.Pictures.Picture})">
            <summary>
            Applies the filters on the specified frame, considering the UI infrastructure
            </summary>
        </member>
        <member name="T:smartSuite.smartSpriteFX.SpriteEffectModule.Forms.ColorSupportFormForAnimation">
            <summary>
            It´s a version of <see cref="T:smartSuite.smartSpriteFX.Forms.ColorSupportForm"/> used to support animations 
            </summary>
        </member>
        <member name="F:smartSuite.smartSpriteFX.SpriteEffectModule.Forms.ColorSupportFormForAnimation._lastSelectedColor">
            <summary>
            It´s the last selected color
            </summary>
        </member>
        <member name="M:smartSuite.smartSpriteFX.SpriteEffectModule.Forms.ColorSupportFormForAnimation.AnswerMe(smartSuite.smartSpriteFX.Pictures.Piece,System.Collections.Generic.List{System.Drawing.Color})">
            <summary>
            Asks for support from user to indicate how of colors patterns identified in search is the background color.
            </summary>
            <param name="piece">The piece that has been analysed.</param>
            <param name="colorList"></param>
            <returns></returns>
        </member>
        <member name="M:smartSuite.smartSpriteFX.SpriteEffectModule.Forms.ColorSupportFormForAnimation.ClearCache">
            <summary>
            Clears the cache
            </summary>
        </member>
        <member name="T:smartSuite.smartSpriteFX.SpriteEffectModule.Properties.Resources">
            <summary>
              A strongly-typed resource class, for looking up localized strings, etc.
            </summary>
        </member>
        <member name="P:smartSuite.smartSpriteFX.SpriteEffectModule.Properties.Resources.ResourceManager">
            <summary>
              Returns the cached ResourceManager instance used by this class.
            </summary>
        </member>
        <member name="P:smartSuite.smartSpriteFX.SpriteEffectModule.Properties.Resources.Culture">
            <summary>
              Overrides the current thread's CurrentUICulture property for all
              resource lookups using this strongly typed resource class.
            </summary>
        </member>
        <member name="P:smartSuite.smartSpriteFX.SpriteEffectModule.Properties.Resources.get_color_png">
            <summary>
              Looks up a localized resource of type System.Drawing.Bitmap.
            </summary>
        </member>
        <member name="P:smartSuite.smartSpriteFX.SpriteEffectModule.Properties.Resources.sun">
            <summary>
              Looks up a localized resource of type System.Drawing.Bitmap.
            </summary>
        </member>
        <member name="T:smartSuite.smartSpriteFX.Animations.FrameIterator">
            <summary>
            Represents a iterator to travel through the pictures.
            </summary>
        </member>
        <member name="F:smartSuite.smartSpriteFX.Animations.FrameIterator._frameIndex">
            <summary>
            It´s the index of frame
            </summary>
        </member>
        <member name="F:smartSuite.smartSpriteFX.Animations.FrameIterator._current">
            <summary>
            It´s the current picture
            </summary>
        </member>
        <member name="F:smartSuite.smartSpriteFX.Animations.FrameIterator._fileList">
            <summary>
            It´s the containt of files
            </summary>
        </member>
        <member name="F:smartSuite.smartSpriteFX.Animations.FrameIterator._animationComparer">
            <summary>
            It´s a comparer used to sort files
            </summary>
        </member>
        <member name="M:smartSuite.smartSpriteFX.Animations.FrameIterator.#ctor">
            <summary>
            Creates a instance of the object.
            </summary>
            <remarks>This constructor was created to achieve designs goal. You shouldn't use it on your code.</remarks>
        </member>
        <member name="M:smartSuite.smartSpriteFX.Animations.FrameIterator.GetFrameIndex">
            <summary>
            Gets the current frame index
            </summary>
            <returns></returns>
        </member>
        <member name="M:smartSuite.smartSpriteFX.Animations.FrameIterator.GetFileList">
            <summary>
            Gets the file list discovered through Open method
            </summary>
            <returns></returns>
        </member>
        <member name="M:smartSuite.smartSpriteFX.Animations.FrameIterator.GetCurrent">
            <summary>
            Gets the curent picture
            </summary>
            <returns></returns>
        </member>
        <member name="M:smartSuite.smartSpriteFX.Animations.FrameIterator.Next">
            <summary>
            Goes to forward frame
            </summary>
            <returns></returns>
        </member>
        <member name="M:smartSuite.smartSpriteFX.Animations.FrameIterator.MoveFirst">
            <summary>
            Goes back to first frame
            </summary>
            <returns></returns>
        </member>
        <member name="M:smartSuite.smartSpriteFX.Animations.FrameIterator.Reset">
            <summary>
            Goes back to beginning conditions
            </summary>
        </member>
        <member name="M:smartSuite.smartSpriteFX.Animations.FrameIterator.MoveLast">
            <summary>
            Goes to last frame
            </summary>
            <returns></returns>
        </member>
        <member name="M:smartSuite.smartSpriteFX.Animations.FrameIterator.Close">
            <summary>
            Closes and release the object
            </summary>
        </member>
        <member name="M:smartSuite.smartSpriteFX.Animations.FrameIterator.MoveTo(System.Int32)">
            <summary>
            Moves the current cursor to the selected frame
            </summary>
            <param name="frameIndex"></param>
        </member>
        <member name="M:smartSuite.smartSpriteFX.Animations.FrameIterator.Open(smartSuite.smartSpriteFX.Pictures.Picture[])">
            <summary>
            Gets a frameIterator it has contained just the selected frames
            </summary>
            <param name="frameList">The selected frames</param>
            <returns></returns>
        </member>
        <member name="M:smartSuite.smartSpriteFX.Animations.FrameIterator.Open(System.String)">
            <summary>
            Gets a frameIterator from path
            </summary>
            <param name="fullPath">A path of a file or directory</param>
            <returns></returns>
        </member>
        <member name="M:smartSuite.smartSpriteFX.Animations.FrameIterator.Open(System.Collections.Generic.List{smartSuite.smartSpriteFX.Pictures.Picture})">
            <summary>
            Gets a frameIterator from picture list
            </summary>
            <param name="pictureList"></param>
            <returns></returns>
        </member>
        <member name="M:smartSuite.smartSpriteFX.Animations.FrameIterator.CountFrames">
            <summary>
            Gets the total amount of frames
            </summary>
            <returns></returns>
        </member>
        <member name="M:smartSuite.smartSpriteFX.Animations.FrameIterator.FillFileList(System.String,System.Collections.Generic.List{System.String})">
            <summary>
            Fills the file list
            </summary>
        </member>
        <member name="M:smartSuite.smartSpriteFX.Animations.FrameIterator.GetSupportedImages">
            <summary>
            Gets the supporte image types
            </summary>
            <returns></returns>
        </member>
        <member name="M:smartSuite.smartSpriteFX.Animations.FrameIterator.GetFileList(System.String)">
            <summary>
            Gets the file list
            </summary>
            <param name="fullPath"></param>
            <returns></returns>
        </member>
        <member name="M:smartSuite.smartSpriteFX.Animations.FrameIterator.SetCurrent(smartSuite.smartSpriteFX.Pictures.Picture)">
            <summary>
            Sets the current picture.
            </summary>
            <param name="picture"></param>
        </member>
        <member name="M:smartSuite.smartSpriteFX.Animations.FrameIterator.LoadCurrentPicture">
            <summary>
            Loads the current picture
            </summary>
        </member>
        <member name="T:smartSuite.smartSpriteFX.Effects.Core.EffectEngine">
            <summary>
            It´s the main engine
            </summary>
        </member>
        <member name="F:smartSuite.smartSpriteFX.Effects.Core.EffectEngine._completedTask">
            <summary>
            It's the number of completed tasks
            </summary>
        </member>
        <member name="F:smartSuite.smartSpriteFX.Effects.Core.EffectEngine._outputPath">
            <summary>
            It´s the output path
            </summary>
        </member>
        <member name="F:smartSuite.smartSpriteFX.Effects.Core.EffectEngine._iterator">
            <summary>
            It´s the reference to an iterator frame
            </summary>
        </member>
        <member name="F:smartSuite.smartSpriteFX.Effects.Core.EffectEngine._filterList">
            <summary>
            It´s a list of filters to apply.
            </summary>
        </member>
        <member name="F:smartSuite.smartSpriteFX.Effects.Core.EffectEngine._previewBoard">
            <summary>
            The preview board to see the results
            </summary>
        </member>
        <member name="F:smartSuite.smartSpriteFX.Effects.Core.EffectEngine._sourcePreviewImage">
            <summary>
            It´s a image used like a source to <see cref="M:smartSuite.smartSpriteFX.Effects.Core.EffectEngine.UpdatePreviewBoard"/> method
            </summary>
        </member>
        <member name="F:smartSuite.smartSpriteFX.Effects.Core.EffectEngine._applyingThreadList">
            <summary>
            It´s the list of thread used during Apply method
            </summary>
        </member>
        <member name="F:smartSuite.smartSpriteFX.Effects.Core.EffectEngine._callback">
            <summary>
            It´s an instance of callback used to echo the responses to user, or even get the requests from it
            </summary>
        </member>
        <member name="M:smartSuite.smartSpriteFX.Effects.Core.EffectEngine.GetOutputPath">
            <summary>
            Gets the output path
            </summary>
            <returns></returns>
        </member>
        <member name="M:smartSuite.smartSpriteFX.Effects.Core.EffectEngine.Apply">
            <summary>
            Applies the filter collection to all the animation
            </summary>
            <returns></returns>
        </member>
        <member name="M:smartSuite.smartSpriteFX.Effects.Core.EffectEngine.SetSourcePreviewImage(smartSuite.smartSpriteFX.Pictures.Picture)">
            <summary>
            Sets the source preview image to use in <see cref="M:smartSuite.smartSpriteFX.Effects.Core.EffectEngine.UpdatePreviewBoard"/> method
            </summary>
            <param name="sourcePreviewImage"></param>
        </member>
        <member name="M:smartSuite.smartSpriteFX.Effects.Core.EffectEngine.GetSourcePreviewImage">
            <summary>
            Gets thw source preview image
            </summary>
            <returns></returns>
        </member>
        <member name="M:smartSuite.smartSpriteFX.Effects.Core.EffectEngine.CancelApplying">
            <summary>
            Cancels the apply method
            </summary>
        </member>
        <member name="M:smartSuite.smartSpriteFX.Effects.Core.EffectEngine.ReloadPreviewBoard(System.String)">
            <summary>
            Reloads the preview board
            </summary>
            <param name="fullFileName"></param>
        </member>
        <member name="M:smartSuite.smartSpriteFX.Effects.Core.EffectEngine.ApplyFromUI(smartSuite.smartSpriteFX.SpriteEffectModule.Infra.UI.IApplyFilterCallback)">
            <summary>
            Applies the filter collection to all animation, but considering UI controls infrastructure
            </summary>
            <param name="callback">A control used to shows the result of processing, like a progress bar</param>
        </member>
        <member name="M:smartSuite.smartSpriteFX.Effects.Core.EffectEngine.ApplyFromUI(smartSuite.smartSpriteFX.SpriteEffectModule.Infra.UI.IApplyFilterCallback,smartSuite.smartSpriteFX.Pictures.Picture)">
            <summary>
            Applies the filter collection in the frame, but considering UI controls infrastructure
            </summary>
            <param name="callback">A control used to shows the result of processing, like a progress bar</param>
            <param name="frame">The frame to apply on</param>
        </member>
        <member name="M:smartSuite.smartSpriteFX.Effects.Core.EffectEngine.Apply(smartSuite.smartSpriteFX.SpriteEffectModule.Infra.UI.IApplyFilterCallback)">
            <summary>
            Applies the filter collection to all the animation
            </summary>
            <returns></returns>
        </member>
        <member name="M:smartSuite.smartSpriteFX.Effects.Core.EffectEngine.ApplyFromUI(smartSuite.smartSpriteFX.SpriteEffectModule.Infra.UI.IApplyFilterCallback,System.Collections.Generic.List{smartSuite.smartSpriteFX.Pictures.Picture})">
            <summary>
            Applies the filter collection in the frame, but considering UI controls infrastructure
            </summary>
        </member>
        <member name="M:smartSuite.smartSpriteFX.Effects.Core.EffectEngine.Apply(smartSuite.smartSpriteFX.SpriteEffectModule.Infra.UI.IApplyFilterCallback,smartSuite.smartSpriteFX.Pictures.Picture[])">
            <summary>
            Applies the filter collection to all the animation
            </summary>
            <param name="callback">The controls that will be informed about the progress of processing</param>
            <param name="selectedFrameList">The list of selected frames to apply the filters. If null, all the frames of animation folder will be used</param>
            <returns></returns>
        </member>
        <member name="M:smartSuite.smartSpriteFX.Effects.Core.EffectEngine.GetIterator">
            <summary>
            Gets the frame iterator
            </summary>
            <returns></returns>
        </member>
        <member name="M:smartSuite.smartSpriteFX.Effects.Core.EffectEngine.GetPreviewBoardBox">
            <summary>
            Gets the preview board box
            </summary>
            <returns></returns>
        </member>
        <member name="M:smartSuite.smartSpriteFX.Effects.Core.EffectEngine.UpdatePreviewBoard">
            <summary>
            Updates the main view board and returns the image.
            </summary>
            <returns></returns>
        </member>
        <member name="M:smartSuite.smartSpriteFX.Effects.Core.EffectEngine.Initializate(System.String)">
            <summary>
            Initializates the engine
            </summary>
            <param name="fullPath">It´s the path of animation</param>
        </member>
        <member name="M:smartSuite.smartSpriteFX.Effects.Core.EffectEngine.Initializate">
            <summary>
            Initializates the engine
            </summary>
        </member>
        <member name="M:smartSuite.smartSpriteFX.Effects.Core.EffectEngine.GetSelectedFilterList">
            <summary>
            Gets the selected filter list
            </summary>
            <returns></returns>
        </member>
        <member name="M:smartSuite.smartSpriteFX.Effects.Core.EffectEngine.GetTransparentBackgroundFilter">
            <summary>
            Gets the <see cref="T:smartSuite.smartSpriteFX.Effects.Filters.TransparentBackgroundFilter"/> in selected filter list.
            </summary>
            <returns>
            The filter in selected filter list, or null if none has been found.
            </returns>
        </member>
        <member name="M:smartSuite.smartSpriteFX.Effects.Core.EffectEngine.FindFilter``1">
            <summary>
            Finds the filter in collection of selected filters.
            </summary>
            <typeparam name="T">The type of desired filter</typeparam>
            <returns>The instance of the fires found filter or null if it doesn't exist.</returns>
        </member>
        <member name="M:smartSuite.smartSpriteFX.Effects.Core.EffectEngine.ClearFilter">
            <summary>
            Clears all the filter buffer
            </summary>
        </member>
        <member name="M:smartSuite.smartSpriteFX.Effects.Core.EffectEngine.RegisterFilter(smartSuite.smartSpriteFX.Effects.Filters.IEffectFilter)">
            <summary>
            Registers a filter
            </summary>
            <param name="effectFilter">A effect</param>
        </member>
        <member name="M:smartSuite.smartSpriteFX.Effects.Core.EffectEngine.RegisterFilter(smartSuite.smartSpriteFX.Effects.Filters.IEffectFilter,System.Int32)">
            <summary>
            Registers a filter
            </summary>
            <param name="effectFilter">A effect</param>
            <param name="filterOrderIndex">An order of filter</param>
        </member>
        <member name="M:smartSuite.smartSpriteFX.Effects.Core.EffectEngine.UnRegisterFilter(smartSuite.smartSpriteFX.Effects.Filters.IEffectFilter)">
            <summary>
            Unregisters a filter
            </summary>
            <param name="effectFilter">A effect</param>
        </member>
        <member name="M:smartSuite.smartSpriteFX.Effects.Core.EffectEngine.UpFilterOrder(smartSuite.smartSpriteFX.Effects.Filters.IEffectFilter)">
            <summary>
            Ups the filter in list order
            </summary>
            <param name="filter">An instance of filter</param>
        </member>
        <member name="M:smartSuite.smartSpriteFX.Effects.Core.EffectEngine.DownFilterOrder(smartSuite.smartSpriteFX.Effects.Filters.IEffectFilter)">
            <summary>
            Downs the filter in list order
            </summary>
            <param name="filter">An instance of filter</param>
        </member>
        <member name="M:smartSuite.smartSpriteFX.Effects.Core.EffectEngine.SetPreviewBoard(System.Windows.Forms.PictureBox)">
            <summary>
            Sets the preview board
            </summary>
            <param name="previewBoard">It´s a board to seet the image</param>		
        </member>
        <member name="M:smartSuite.smartSpriteFX.Effects.Core.EffectEngine.GetPreviewBoard">
            <summary>
            Gets the preview board
            </summary>
            <returns></returns>
        </member>
        <member name="M:smartSuite.smartSpriteFX.Effects.Core.EffectEngine.ApplyWaitCallback(System.Object)">
            <summary>
            It´s a WaitCallBack delegate used to parallelized the process.
            </summary>
            <param name="state">A state made by an Object[3], composed by:
            <list type="bullet">
            <item>frame - is a Picture object handled as a frame in an animation</item>
            <item>index - is a integer which is a index of animation</item>
            <item>waitHandle = is a AutoResetEvent used like a synchronizer of multi-thread operation</item>
            </list>
            </param>
        </member>
        <member name="M:smartSuite.smartSpriteFX.Effects.Core.EffectEngine.SaveFilterSet(System.String)">
            <summary>
            Saves the filter set
            </summary>
            <param name="fileName">The file name</param>
        </member>
        <member name="M:smartSuite.smartSpriteFX.Effects.Core.EffectEngine.LoadFilterSet(System.String)">
            <summary>
            Gets the filter set
            </summary>
            <param name="fileName"></param>
        </member>
        <member name="M:smartSuite.smartSpriteFX.Effects.Core.EffectEngine.FormatValue(System.Type,System.String)">
            <summary>
            Formats the value
            </summary>
            <param name="propertyType"></param>
            <param name="valueString"></param>
            <returns></returns>
        </member>
        <member name="T:smartSuite.smartSpriteFX.Effects.Filters._8BitFilter">
            <summary>
            Represents a filter to convert the frame to 16 bit appearence.
            </summary>
        </member>
        <member name="F:smartSuite.smartSpriteFX.Effects.Filters._8BitFilter._colorBufferAmount">
            <summary>
            It´s the color buffer amount
            </summary>
        </member>
        <member name="F:smartSuite.smartSpriteFX.Effects.Filters._8BitFilter._destinationScreenWidth">
            <summary>
            It´s the destination width
            </summary>
        </member>
        <member name="F:smartSuite.smartSpriteFX.Effects.Filters._8BitFilter._destinationScreenHeight">
            <summary>
            It´s the destination height
            </summary>
        </member>
        <member name="F:smartSuite.smartSpriteFX.Effects.Filters._8BitFilter._screenWidth">
            <summary>
            It´s the origin width
            </summary>
        </member>
        <member name="F:smartSuite.smartSpriteFX.Effects.Filters._8BitFilter._screenHeight">
            <summary>
            It´s the origin height
            </summary>
        </member>
        <member name="F:smartSuite.smartSpriteFX.Effects.Filters._8BitFilter._contrast">
            <summary>
            It´s a contrast among the colors
            </summary>
        </member>
        <member name="F:smartSuite.smartSpriteFX.Effects.Filters._8BitFilter._avoidColorList">
            <summary>
            It´s a list of color to avoid
            </summary>
        </member>
        <member name="M:smartSuite.smartSpriteFX.Effects.Filters._8BitFilter.GetIdentification">
            <summary>
            Gets the identification
            </summary>
            <returns></returns>
        </member>
        <member name="M:smartSuite.smartSpriteFX.Effects.Filters._8BitFilter.ApplyFilter(smartSuite.smartSpriteFX.Pictures.Picture,System.Int32)">
            <summary>
            Applies the filter
            </summary>
            <param name="frame"></param>
            <param name="index"></param>
            <returns></returns>
        </member>
        <member name="T:smartSuite.smartSpriteFX.Effects.Filters._24BitFilter">
            <summary>
            Represents a filter to convert the frame to 16 bit appearence.
            </summary>
        </member>
        <member name="F:smartSuite.smartSpriteFX.Effects.Filters._24BitFilter._colorBufferAmount">
            <summary>
            It´s the color buffer amount
            </summary>
        </member>
        <member name="F:smartSuite.smartSpriteFX.Effects.Filters._24BitFilter._destinationScreenWidth">
            <summary>
            It´s the destination width
            </summary>
        </member>
        <member name="F:smartSuite.smartSpriteFX.Effects.Filters._24BitFilter._destinationScreenHeight">
            <summary>
            It´s the destination height
            </summary>
        </member>
        <member name="F:smartSuite.smartSpriteFX.Effects.Filters._24BitFilter._screenWidth">
            <summary>
            It´s the origin width
            </summary>
        </member>
        <member name="F:smartSuite.smartSpriteFX.Effects.Filters._24BitFilter._screenHeight">
            <summary>
            It´s the origin height
            </summary>
        </member>
        <member name="F:smartSuite.smartSpriteFX.Effects.Filters._24BitFilter._contrast">
            <summary>
            It´s a contrast among the colors
            </summary>
        </member>
        <member name="F:smartSuite.smartSpriteFX.Effects.Filters._24BitFilter._avoidColorList">
            <summary>
            It´s a list of color to avoid
            </summary>
        </member>
        <member name="M:smartSuite.smartSpriteFX.Effects.Filters._24BitFilter.GetIdentification">
            <summary>
            Gets the identification
            </summary>
            <returns></returns>
        </member>
        <member name="M:smartSuite.smartSpriteFX.Effects.Filters._24BitFilter.ApplyFilter(smartSuite.smartSpriteFX.Pictures.Picture,System.Int32)">
            <summary>
            Applies the filter
            </summary>
            <param name="frame"></param>
            <param name="index"></param>
            <returns></returns>
        </member>
        <member name="T:smartSuite.smartSpriteFX.Effects.Filters._16BitFilter">
            <summary>
            Represents a filter to convert the frame to 16 bit appearence.
            </summary>
        </member>
        <member name="F:smartSuite.smartSpriteFX.Effects.Filters._16BitFilter._colorBufferAmount">
            <summary>
            It´s the color buffer amount
            </summary>
        </member>
        <member name="F:smartSuite.smartSpriteFX.Effects.Filters._16BitFilter._destinationScreenWidth">
            <summary>
            It´s the destination width
            </summary>
        </member>
        <member name="F:smartSuite.smartSpriteFX.Effects.Filters._16BitFilter._destinationScreenHeight">
            <summary>
            It´s the destination height
            </summary>
        </member>
        <member name="F:smartSuite.smartSpriteFX.Effects.Filters._16BitFilter._screenWidth">
            <summary>
            It´s the origin width
            </summary>
        </member>
        <member name="F:smartSuite.smartSpriteFX.Effects.Filters._16BitFilter._screenHeight">
            <summary>
            It´s the origin height
            </summary>
        </member>
        <member name="F:smartSuite.smartSpriteFX.Effects.Filters._16BitFilter._contrast">
            <summary>
            It´s a contrast among the colors
            </summary>
        </member>
        <member name="F:smartSuite.smartSpriteFX.Effects.Filters._16BitFilter._avoidColorList">
            <summary>
            It´s a list of color to avoid
            </summary>
        </member>
        <member name="M:smartSuite.smartSpriteFX.Effects.Filters._16BitFilter.GetIdentification">
            <summary>
            Gets the identification
            </summary>
            <returns></returns>
        </member>
        <member name="M:smartSuite.smartSpriteFX.Effects.Filters._16BitFilter.ApplyFilter(smartSuite.smartSpriteFX.Pictures.Picture,System.Int32)">
            <summary>
            Applies the filter
            </summary>
            <param name="frame"></param>
            <param name="index"></param>
            <returns></returns>
        </member>
        <member name="T:smartSuite.smartSpriteFX.Effects.Filters.IEffectFilter">
            <summary>
            Defines how an effect filter must be.
            </summary>
        </member>
        <member name="M:smartSuite.smartSpriteFX.Effects.Filters.IEffectFilter.ApplyFilter(smartSuite.smartSpriteFX.Pictures.Picture,System.Int32)">
            <summary>
            Changes the frame
            </summary>
            <param name="frame">It´s the picture</param>
            <param name="index">It´s the index of frame</param>
            <returns>An indicator that indicates if the frame is considered or ignored. Use it for skip frames in animation edition. True - considered, False - ignored.</returns>
        </member>
        <member name="M:smartSuite.smartSpriteFX.Effects.Filters.IEffectFilter.GetIdentification">
            <summary>
            Gets the identification of component
            </summary>
            <returns></returns>
        </member>
        <member name="M:smartSuite.smartSpriteFX.Effects.Filters.IEffectFilter.ShowConfigurationPanel">
            <summary>
            Opens the configuration panel
            </summary>
            <returns></returns>
        </member>
        <member name="M:smartSuite.smartSpriteFX.Effects.Filters.IEffectFilter.Reset">
            <summary>
            Reset the filter to original values
            </summary>
        </member>
        <member name="T:smartSuite.smartSpriteFX.Effects.Filters.SmartSpriteOriginalFilterBase">
            <summary>
            Defines an official filter of SmartSprite library
            </summary>
        </member>
        <member name="M:smartSuite.smartSpriteFX.Effects.Filters.SmartSpriteOriginalFilterBase.ApplyFilter(smartSuite.smartSpriteFX.Pictures.Picture,System.Int32)">
            <summary>
            Aplies the filter
            </summary>
            <param name="frame"></param>
            <param name="index"></param>
            <returns></returns>
        </member>
        <member name="M:smartSuite.smartSpriteFX.Effects.Filters.SmartSpriteOriginalFilterBase.Reset">
            <summary>
            Resets the state of filter
            </summary>
        </member>
        <member name="M:smartSuite.smartSpriteFX.Effects.Filters.SmartSpriteOriginalFilterBase.ShowConfigurationPanel">
            <summary>
            Shows de configuration panel
            </summary>
            <returns></returns>
        </member>
        <member name="M:smartSuite.smartSpriteFX.Effects.Filters.SmartSpriteOriginalFilterBase.GetIdentification">
            <summary>
            Gets the identification
            </summary>
            <returns></returns>
        </member>
        <member name="T:smartSuite.smartSpriteFX.Effects.Filters.FrameRateFilter">
            <summary>
            It´s a filter that simulates changing of frame rate of an animation
            </summary>
        </member>
        <member name="F:smartSuite.smartSpriteFX.Effects.Filters.FrameRateFilter._frameCount">
            <summary>
            It´s the amount of frames handled in the second
            </summary>
        </member>
        <member name="F:smartSuite.smartSpriteFX.Effects.Filters.FrameRateFilter._lastFrameIndex">
            <summary>
            It´s the last handled frame index
            </summary>
        </member>
        <member name="F:smartSuite.smartSpriteFX.Effects.Filters.FrameRateFilter._framesPerSec">
            <summary>
            It´s the reason of frame per second
            </summary>
        </member>
        <member name="F:smartSuite.smartSpriteFX.Effects.Filters.FrameRateFilter._keyFrames">
            <summary>
            It´s a collection of frames which the user desires, regardless of the framesPerSec rate.
            </summary>
        </member>
        <member name="P:smartSuite.smartSpriteFX.Effects.Filters.FrameRateFilter.KeyFrames">
            <summary>
            Gets the keyFrames
            </summary>
        </member>
        <member name="M:smartSuite.smartSpriteFX.Effects.Filters.FrameRateFilter.GetIdentification">
            <summary>
            Gets the identification
            </summary>
            <returns></returns>
        </member>
        <member name="M:smartSuite.smartSpriteFX.Effects.Filters.FrameRateFilter.ApplyFilter(smartSuite.smartSpriteFX.Pictures.Picture,System.Int32)">
            <summary>
            Aplies the filter
            </summary>
            <param name="frame"></param>
            <param name="index"></param>
            <returns></returns>
        </member>
        <member name="T:smartSuite.smartSpriteFX.Effects.Filters.TransparentBackgroundFilter">
            <summary>
            Represents a filter to infers transparent background
            </summary>
        </member>
        <member name="P:smartSuite.smartSpriteFX.Effects.Filters.TransparentBackgroundFilter.TransparentColor">
            <summary>
            Gets the transparentColor got after <see cref="M:smartSuite.smartSpriteFX.Pictures.ColorPattern.BackgroundPattern.DoTransparentBorder(smartSuite.smartSpriteFX.Pictures.Piece,smartSuite.smartSpriteFX.Pictures.ColorPattern.IAskingForColorDelegate)"/> method.
            </summary>
        </member>
        <member name="M:smartSuite.smartSpriteFX.Effects.Filters.TransparentBackgroundFilter.GetIdentification">
            <summary>
            Gets the identification
            </summary>
            <returns></returns>
        </member>
        <member name="M:smartSuite.smartSpriteFX.Effects.Filters.TransparentBackgroundFilter.ApplyFilter(smartSuite.smartSpriteFX.Pictures.Picture,System.Int32)">
            <summary>
            Applies the filter
            </summary>
            <param name="frame"></param>
            <param name="index"></param>
            <returns></returns>
        </member>
        <member name="M:smartSuite.smartSpriteFX.Effects.Facade.EffectFacade.GetPreviewBoardBox">
            <summary>
            Gets the preview board box
            </summary>
            <returns></returns>
        </member>
        <member name="T:smartSuite.smartSpriteFX.Effects.FilterEngine.FilterCollection">
            <summary>
            It´s a collection of filters
            </summary>
        </member>
        <member name="F:smartSuite.smartSpriteFX.Effects.FilterEngine.FilterCollection._loadErrorList">
            <summary>
            It´s the error list collection occurred during the Load method
            </summary>
        </member>
        <member name="F:smartSuite.smartSpriteFX.Effects.FilterEngine.FilterCollection._filterPallete">
            <summary>
            It´s a collection of all filters that can be used.
            </summary>
        </member>
        <member name="F:smartSuite.smartSpriteFX.Effects.FilterEngine.FilterCollection._filterBufferList">
            <summary>
            It´s a collection of filter to apply
            </summary>
        </member>
        <member name="P:smartSuite.smartSpriteFX.Effects.FilterEngine.FilterCollection.DoNotPutFrameIndex">
            <summary>
            Instructs to ignore frame index in filtered file names
            </summary>
        </member>
        <member name="M:smartSuite.smartSpriteFX.Effects.FilterEngine.FilterCollection.Load">
            <summary>
            Load the filter pallete
            </summary>
        </member>
        <member name="M:smartSuite.smartSpriteFX.Effects.FilterEngine.FilterCollection.GetFilterPallete">
            <summary>
            Gets the list pallete
            </summary>
            <returns></returns>
        </member>
        <member name="M:smartSuite.smartSpriteFX.Effects.FilterEngine.FilterCollection.GetFilterBufferList">
            <summary>
            Gets a list of filter list
            </summary>
            <returns></returns>
        </member>
        <member name="M:smartSuite.smartSpriteFX.Effects.FilterEngine.FilterCollection.Register(smartSuite.smartSpriteFX.Effects.Filters.IEffectFilter,System.Int32)">
            <summary>
            Registers a filter to work.
            </summary>
            <param name="filter">A filter to apply</param>
            <param name="filterOrderIndex">An index of filter to apply the filter.</param>
        </member>
        <member name="M:smartSuite.smartSpriteFX.Effects.FilterEngine.FilterCollection.UpOrder(smartSuite.smartSpriteFX.Effects.Filters.IEffectFilter)">
            <summary>
            Ups the filter in list order
            </summary>
            <param name="filter">An instance of filter</param>
        </member>
        <member name="M:smartSuite.smartSpriteFX.Effects.FilterEngine.FilterCollection.Count">
            <summary>
            Gets the amount of selected filter
            </summary>
            <returns></returns>
        </member>
        <member name="M:smartSuite.smartSpriteFX.Effects.FilterEngine.FilterCollection.Clear">
            <summary>
            Clears the filter buffer list
            </summary>
        </member>
        <member name="M:smartSuite.smartSpriteFX.Effects.FilterEngine.FilterCollection.DownOrder(smartSuite.smartSpriteFX.Effects.Filters.IEffectFilter)">
            <summary>
            Downs the filter in list order
            </summary>
            <param name="filter">An instance of filter</param>
        </member>
        <member name="M:smartSuite.smartSpriteFX.Effects.FilterEngine.FilterCollection.Register(smartSuite.smartSpriteFX.Effects.Filters.IEffectFilter)">
            <summary>
            Registers a filter to work.
            </summary>
            <param name="filter">A filter to apply</param>
        </member>
        <member name="M:smartSuite.smartSpriteFX.Effects.FilterEngine.FilterCollection.UnRegister(smartSuite.smartSpriteFX.Effects.Filters.IEffectFilter)">
            <summary>
            Removes the filter
            </summary>
            <param name="filter" />		
        </member>
        <member name="M:smartSuite.smartSpriteFX.Effects.FilterEngine.FilterCollection.Apply(smartSuite.smartSpriteFX.Pictures.Picture,System.Int32)">
            <summary>
            Applies all the filter buffer list in order
            </summary>
            <param name="picture"></param>
            <param name="frameIndex">It´s the frame index in an animation</param>
            <returns>The output path</returns>
        </member>
        <member name="M:smartSuite.smartSpriteFX.Effects.FilterEngine.FilterCollection.GenerateFilteredImage(smartSuite.smartSpriteFX.Pictures.Picture,System.String)">
            <summary>
            Generates the filtered image
            </summary>
            <param name="picture"></param>
            <param name="file"></param>
        </member>
        <member name="M:smartSuite.smartSpriteFX.Effects.FilterEngine.FilterCollection.FormatFileName(System.Int32,System.String,System.String)">
            <summary>
            Mounts and gets the file name
            </summary>
            <param name="frameIndex"></param>
            <param name="baseFile"></param>
            <param name="folder"></param>
            <returns></returns>
        </member>
        <member name="M:smartSuite.smartSpriteFX.Effects.FilterEngine.FilterCollection.GetLoadErrorList">
            <summary>
            Gets error list eventually occurred during the Load() method.
            </summary>
            <returns></returns>
        </member>
        <member name="T:smartSuite.smartSpriteFX.Effects.Infra.ColorBuffer">
            <summary>
            Controls a amount of colors, used to limt the quality of image
            </summary>
        </member>
        <member name="F:smartSuite.smartSpriteFX.Effects.Infra.ColorBuffer._maxLength">
            <summary>
            It´s the maximum of allowed colors.
            </summary>
        </member>
        <member name="F:smartSuite.smartSpriteFX.Effects.Infra.ColorBuffer._comparer">
            <summary>
            It´s a comparer for colors
            </summary>
        </member>
        <member name="F:smartSuite.smartSpriteFX.Effects.Infra.ColorBuffer._trickyComparer">
            <summary>
            It´s a "tricky" comparer for colors
            </summary>
        </member>
        <member name="F:smartSuite.smartSpriteFX.Effects.Infra.ColorBuffer._contrast">
            <summary>
            It´s a sensibility of colors.
            </summary>
        </member>
        <member name="F:smartSuite.smartSpriteFX.Effects.Infra.ColorBuffer._rangeLength">
            <summary>
            It´s a length of range of colors
            </summary>
        </member>
        <member name="M:smartSuite.smartSpriteFX.Effects.Infra.ColorBuffer.GetSlightlyDifferentColor(System.Drawing.Color)">
            <summary>
            Gets the color slighty different to trick the transparent mechanism 
            </summary>
            <param name="color"></param>
            <returns></returns>
        </member>
        <member name="P:smartSuite.smartSpriteFX.Effects.Infra.ColorBuffer.AvoidedColorList">
            <summary>
            It´s a list of avoided colors
            </summary>
        </member>
        <member name="M:smartSuite.smartSpriteFX.Effects.Infra.ColorBuffer.#ctor(System.Int32,System.Int32)">
            <summary>
            Creates an instance of object
            </summary>
            <param name="length">It´s the maximum amount of allowed colors.</param>
            <param name="contrast">It´s how different the colors are each others</param>
        </member>
        <member name="M:smartSuite.smartSpriteFX.Effects.Infra.ColorBuffer.GetSimilarColor(System.Drawing.Color)">
            <summary>
            Gets a color similar to assigned color
            </summary>
            <param name="color"></param>
            <returns></returns>
        </member>
        <member name="M:smartSuite.smartSpriteFX.Effects.Infra.ColorBuffer.GetSlightlyDifferentColorComponent(System.Int32)">
            <summary>
            Gets the color component slighty different to trick the transparent mechanism
            </summary>
            <param name="colorComponent"></param>
            <returns></returns>
        </member>
        <member name="M:smartSuite.smartSpriteFX.Effects.Infra.ColorBuffer.GetOppositeColorComponent(System.Int32)">
            <summary>
            Gets the color component opposite different to trick the transparent mechanism
            </summary>
            <param name="colorComponent"></param>
            <returns></returns>
        </member>
        <member name="M:smartSuite.smartSpriteFX.Effects.Infra.ColorBuffer.TrickAvoidedColor(System.Drawing.Color)">
            <summary>
            Tricks the avoided color
            </summary>
            <param name="returnColor"></param>
            <returns></returns>
        </member>
        <member name="M:smartSuite.smartSpriteFX.Effects.Infra.ColorBuffer.GetRangeLength(System.Int32)">
            <summary>
            Gets the range length
            </summary>
            <param name="maxColor"></param>
            <returns></returns>
        </member>
        <member name="M:smartSuite.smartSpriteFX.Effects.Infra.ColorBuffer.FitColorComponent(System.Int32,System.Int32)">
            <summary>
            Fit the color component in correspondent range color
            </summary>
            <param name="colorComponent">It´s the original color component</param>
            <param name="rangeLength">It´s the range length</param>
            <returns></returns>
        </member>
        <member name="T:smartSuite.smartSpriteFX.Effects.Infra.Identification">
            <summary>
            Represents the identification notes from component
            </summary>
        </member>
        <member name="F:smartSuite.smartSpriteFX.Effects.Infra.Identification._description">
            <summary>
            It´s the description of filter
            </summary>
        </member>
        <member name="F:smartSuite.smartSpriteFX.Effects.Infra.Identification._author">
            <summary>
            It´s the name of vendor
            </summary>
        </member>
        <member name="F:smartSuite.smartSpriteFX.Effects.Infra.Identification._name">
            <summary>
            It´s the name of filter
            </summary>
        </member>
        <member name="F:smartSuite.smartSpriteFX.Effects.Infra.Identification._group">
            <summary>
            It´s a string to group by
            </summary>
        </member>
        <member name="M:smartSuite.smartSpriteFX.Effects.Infra.Identification.GetGroup">
            <summary>
            It´s a string to group by
            </summary>
        </member>
        <member name="M:smartSuite.smartSpriteFX.Effects.Infra.Identification.GetDescription">
            <summary>
            Get the description of filter
            </summary>
            <returns></returns>
        </member>
        <member name="M:smartSuite.smartSpriteFX.Effects.Infra.Identification.GetAuthor">
            <summary>
            Get the name of author
            </summary>
            <returns></returns>
        </member>
        <member name="M:smartSuite.smartSpriteFX.Effects.Infra.Identification.GetName">
            <summary>
            Gets the filter name
            </summary>
            <returns></returns>
        </member>
        <member name="M:smartSuite.smartSpriteFX.Effects.Infra.Identification.SetDescription(System.String)">
            <summary>
            Sets the description
            </summary>
            <param name="description"></param>
        </member>
        <member name="M:smartSuite.smartSpriteFX.Effects.Infra.Identification.SetName(System.String)">
            <summary>
            Sets the name of filter
            </summary>
            <param name="v"></param>
        </member>
        <member name="M:smartSuite.smartSpriteFX.Effects.Infra.Identification.#ctor(System.String,System.String,System.String,System.String)">
            <summary>
            Creates an instance of object
            </summary>
            <param name="name">It´s the name of component</param>
            <param name="author">It´s the name of vendor</param>
            <param name="description">It´s the description of filter</param>
            <param name="group">It´s a information to group by</param>
        </member>
        <member name="M:smartSuite.smartSpriteFX.Effects.Infra.Identification.SetGroup(System.String)">
            <summary>
            Sets the group
            </summary>
            <param name="group"></param>
        </member>
        <member name="T:smartSuite.smartSpriteFX.Effects.Infra.UI.Configuratons.IConfigurationPanel">
            <summary>
            
            </summary>
        </member>
        <member name="M:smartSuite.smartSpriteFX.Effects.Infra.UI.Configuratons.IConfigurationPanel.GetPanel(smartSuite.smartSpriteFX.Effects.Filters.IEffectFilter)">
            <summary>
            Gets the panel
            </summary>
            <param name="effectFilter">It´s the effect filter that is being configurated.</param>
            <returns></returns>
        </member>
        <member name="T:smartSuite.smartSpriteFX.Effects.Tools.ResolutionTranslator">
            <summary>
            Represents a translator to lower image resolution
            </summary>
        </member>
        <member name="F:smartSuite.smartSpriteFX.Effects.Tools.ResolutionTranslator._resolutionTax">
            <summary>
            It´s a calculated resolution tax.
            </summary>
        </member>
        <member name="F:smartSuite.smartSpriteFX.Effects.Tools.ResolutionTranslator._originalPicture">
            <summary>
            It´s the original picture
            </summary>
        </member>
        <member name="F:smartSuite.smartSpriteFX.Effects.Tools.ResolutionTranslator._colorBuffer">
            <summary>
            It´s the color buffer
            </summary>
        </member>
        <member name="F:smartSuite.smartSpriteFX.Effects.Tools.ResolutionTranslator._lastScannedPoint">
            <summary>
            It´s the last scan that has scanned in Translated Method
            </summary>
        </member>
        <member name="F:smartSuite.smartSpriteFX.Effects.Tools.ResolutionTranslator._comparer">
            <summary>
            It´s a comparer of colors
            </summary>
        </member>
        <member name="F:smartSuite.smartSpriteFX.Effects.Tools.ResolutionTranslator._translatedPixel">
            <summary>
            It's a dictionary made of colors and collection of pixels
            </summary>
        </member>
        <member name="F:smartSuite.smartSpriteFX.Effects.Tools.ResolutionTranslator._hasTransparentFilter">
            <summary>
            Indicates if some of the filters are transparentFilter
            </summary>
        </member>
        <member name="P:smartSuite.smartSpriteFX.Effects.Tools.ResolutionTranslator.ResolutionTax">
            <summary>
            Gets the resolution tax
            </summary>
        </member>
        <member name="P:smartSuite.smartSpriteFX.Effects.Tools.ResolutionTranslator.LastScannedPoint">
            <summary>
            Gets the last scanned point in Translate method
            </summary>
        </member>
        <member name="F:smartSuite.smartSpriteFX.Effects.Tools.ResolutionTranslator._avoidColorList">
            <summary>
            It´s a list of color to avoid.
            </summary>
        </member>
        <member name="P:smartSuite.smartSpriteFX.Effects.Tools.ResolutionTranslator.AvoidColorList">
            <summary>
            It´s a list of color to avoid.
            </summary>
        </member>
        <member name="M:smartSuite.smartSpriteFX.Effects.Tools.ResolutionTranslator.#ctor(smartSuite.smartSpriteFX.Pictures.Picture,System.Int32,System.Int32,System.Int32,System.Int32,System.Int32)">
            <summary>
            Creates an instance of the object
            </summary>
            <param name="originalPicture">It´s the original picture</param>
            <param name="screenWidth">It´s the lenght of new image</param>
            <param name="screenHeight">It´s a height of screen</param>
            <param name="newScreenWidth">It´s the length of the screen of  new resolution</param>
            <param name="newScreenHeight">It´s the height of screen of new resolution</param>
            <param name="newColorAmount">It´s a number of simultaneous color</param>
        </member>
        <member name="M:smartSuite.smartSpriteFX.Effects.Tools.ResolutionTranslator.#ctor(smartSuite.smartSpriteFX.Pictures.Picture,System.Int32,System.Int32,System.Int32,System.Int32,System.Int32,System.Int32)">
            <summary>
            Creates an instance of the object
            </summary>
            <param name="originalPicture">It´s the original picture</param>
            <param name="screenWidth">It´s the lenght of new image</param>
            <param name="screenHeight">It´s a height of screen</param>
            <param name="newScreenWidth">It´s the length of the screen of  new resolution</param>
            <param name="newScreenHeight">It´s the height of screen of new resolution</param>
            <param name="newColorAmount">It´s a number of simultaneous color</param>
            <param name="contrast">It´s how different the colors are</param>
        </member>
        <member name="M:smartSuite.smartSpriteFX.Effects.Tools.ResolutionTranslator.Initialize(smartSuite.smartSpriteFX.Pictures.Picture,System.Int32,System.Int32,System.Int32,System.Int32,System.Int32,System.Int32)">
            <summary>
            Initializes the object
            </summary>
            <param name="originalPicture">It´s the original picture</param>
            <param name="screenWidth">It´s the lenght of new image</param>
            <param name="screenHeight">It´s a height of screen</param>
            <param name="newScreenWidth">It´s the length of the screen of  new resolution</param>
            <param name="newScreenHeight">It´s the height of screen of new resolution</param>
            <param name="newColorAmount">It´s a number of simultaneous color</param>
            <param name="contrast">It´s a factor used to contrast color</param>
        </member>
        <member name="M:smartSuite.smartSpriteFX.Effects.Tools.ResolutionTranslator.Translate(System.Int32,System.Int32,System.Drawing.Color)">
            <summary>
            Translate a pixel for a new resolution
            </summary>
            <param name="x"></param>
            <param name="y"></param>
            <param name="color" />
            <returns>The last point read</returns>
        </member>
        <member name="M:smartSuite.smartSpriteFX.Effects.Tools.ResolutionTranslator.GetColorBuffer">
            <summary>
            Gets the color buffer
            </summary>
            <returns></returns>
        </member>
        <member name="M:smartSuite.smartSpriteFX.Effects.Tools.ResolutionTranslator.CreateTranslatedPicture">
            <summary>
            Creates a picture from translated pixel cache
            </summary>
            <returns></returns>
        </member>
        <member name="M:smartSuite.smartSpriteFX.Effects.Tools.ResolutionTranslator.PointOcuppied(System.Int32,System.Int32,System.Int32)">
            <summary>
            Gets a indicator informing if the point is occupied.
            </summary>
            <returns></returns>
        </member>
    </members>
</doc>
